MONYEAR,PRES,BU,PLOT,BP,GROUPS,STEMS
1995,ABRP,5,1,5_1,B-C-D (2.6 - 15),7
1995,ABRP,5,1,5_1,E-F-G (15.1 - 30),4
1995,ABRP,5,1,5_1,H-I-J (30.1 - 40+),1
1995,ABRP,5,1,5_1,PBH (0 - 2.5),3
1995,ABRP,5,2,5_2,B-C-D (2.6 - 15),3
1995,ABRP,5,2,5_2,E-F-G (15.1 - 30),7
1995,ABRP,5,2,5_2,H-I-J (30.1 - 40+),0
1995,ABRP,5,2,5_2,PBH (0 - 2.5),3
1995,ABRP,5,3,5_3,B-C-D (2.6 - 15),0
1995,ABRP,5,3,5_3,E-F-G (15.1 - 30),4
1995,ABRP,5,3,5_3,H-I-J (30.1 - 40+),2
1995,ABRP,5,3,5_3,PBH (0 - 2.5),1
1995,ABRP,5,4,5_4,B-C-D (2.6 - 15),0
1995,ABRP,5,4,5_4,E-F-G (15.1 - 30),0
1995,ABRP,5,4,5_4,H-I-J (30.1 - 40+),1
1995,ABRP,5,4,5_4,PBH (0 - 2.5),1
1995,ABRP,5,5,5_5,B-C-D (2.6 - 15),0
1995,ABRP,5,5,5_5,E-F-G (15.1 - 30),5
1995,ABRP,5,5,5_5,H-I-J (30.1 - 40+),2
1995,ABRP,5,5,5_5,PBH (0 - 2.5),2
1995,ABRP,5,6,5_6,B-C-D (2.6 - 15),0
1995,ABRP,5,6,5_6,E-F-G (15.1 - 30),1
1995,ABRP,5,6,5_6,H-I-J (30.1 - 40+),1
1995,ABRP,5,6,5_6,PBH (0 - 2.5),3
1995,ABRP,32,1,32_1,B-C-D (2.6 - 15),25
1995,ABRP,32,1,32_1,E-F-G (15.1 - 30),0
1995,ABRP,32,1,32_1,H-I-J (30.1 - 40+),0
1995,ABRP,32,1,32_1,PBH (0 - 2.5),37
1995,ABRP,32,2,32_2,B-C-D (2.6 - 15),0
1995,ABRP,32,2,32_2,E-F-G (15.1 - 30),0
1995,ABRP,32,2,32_2,H-I-J (30.1 - 40+),0
1995,ABRP,32,2,32_2,PBH (0 - 2.5),1
1995,ABRP,32,3,32_3,B-C-D (2.6 - 15),0
1995,ABRP,32,3,32_3,E-F-G (15.1 - 30),0
1995,ABRP,32,3,32_3,H-I-J (30.1 - 40+),0
1995,ABRP,32,3,32_3,PBH (0 - 2.5),3
1995,ABRP,32,4,32_4,B-C-D (2.6 - 15),1
1995,ABRP,32,4,32_4,E-F-G (15.1 - 30),0
1995,ABRP,32,4,32_4,H-I-J (30.1 - 40+),0
1995,ABRP,32,4,32_4,PBH (0 - 2.5),11
1995,ABRP,32,5,32_5,B-C-D (2.6 - 15),5
1995,ABRP,32,5,32_5,E-F-G (15.1 - 30),0
1995,ABRP,32,5,32_5,H-I-J (30.1 - 40+),0
1995,ABRP,32,5,32_5,PBH (0 - 2.5),24
1995,ABRP,32,6,32_6,B-C-D (2.6 - 15),0
1995,ABRP,32,6,32_6,E-F-G (15.1 - 30),0
1995,ABRP,32,6,32_6,H-I-J (30.1 - 40+),0
1995,ABRP,32,6,32_6,PBH (0 - 2.5),3
1995,ABRP,32,7,32_7,B-C-D (2.6 - 15),0
1995,ABRP,32,7,32_7,E-F-G (15.1 - 30),0
1995,ABRP,32,7,32_7,H-I-J (30.1 - 40+),0
1995,ABRP,32,7,32_7,PBH (0 - 2.5),1
1995,ABRP,32,8,32_8,B-C-D (2.6 - 15),0
1995,ABRP,32,8,32_8,E-F-G (15.1 - 30),0
1995,ABRP,32,8,32_8,H-I-J (30.1 - 40+),0
1995,ABRP,32,8,32_8,PBH (0 - 2.5),1
1995,ABRP,32,9,32_9,B-C-D (2.6 - 15),4
1995,ABRP,32,9,32_9,E-F-G (15.1 - 30),0
1995,ABRP,32,9,32_9,H-I-J (30.1 - 40+),0
1995,ABRP,32,9,32_9,PBH (0 - 2.5),18
1995,ABRP,32,10,32_10,B-C-D (2.6 - 15),0
1995,ABRP,32,10,32_10,E-F-G (15.1 - 30),0
1995,ABRP,32,10,32_10,H-I-J (30.1 - 40+),0
1995,ABRP,32,10,32_10,PBH (0 - 2.5),1
1995,ABRP,32,11,32_11,B-C-D (2.6 - 15),0
1995,ABRP,32,11,32_11,E-F-G (15.1 - 30),0
1995,ABRP,32,11,32_11,H-I-J (30.1 - 40+),0
1995,ABRP,32,11,32_11,PBH (0 - 2.5),1
1996,ABRP,7,1,7_1,B-C-D (2.6 - 15),12
1996,ABRP,7,1,7_1,E-F-G (15.1 - 30),0
1996,ABRP,7,1,7_1,H-I-J (30.1 - 40+),0
1996,ABRP,7,1,7_1,PBH (0 - 2.5),18
1996,ABRP,7,2,7_2,B-C-D (2.6 - 15),12
1996,ABRP,7,2,7_2,E-F-G (15.1 - 30),0
1996,ABRP,7,2,7_2,H-I-J (30.1 - 40+),0
1996,ABRP,7,2,7_2,PBH (0 - 2.5),3
1996,ABRP,7,3,7_3,B-C-D (2.6 - 15),39
1996,ABRP,7,3,7_3,E-F-G (15.1 - 30),0
1996,ABRP,7,3,7_3,H-I-J (30.1 - 40+),0
1996,ABRP,7,3,7_3,PBH (0 - 2.5),3
1996,ABRP,7,4,7_4,B-C-D (2.6 - 15),8
1996,ABRP,7,4,7_4,E-F-G (15.1 - 30),0
1996,ABRP,7,4,7_4,H-I-J (30.1 - 40+),0
1996,ABRP,7,4,7_4,PBH (0 - 2.5),1
1996,ABRP,7,5,7_5,B-C-D (2.6 - 15),39
1996,ABRP,7,5,7_5,E-F-G (15.1 - 30),0
1996,ABRP,7,5,7_5,H-I-J (30.1 - 40+),0
1996,ABRP,7,5,7_5,PBH (0 - 2.5),6
1996,ABRP,7,6,7_6,B-C-D (2.6 - 15),23
1996,ABRP,7,6,7_6,E-F-G (15.1 - 30),0
1996,ABRP,7,6,7_6,H-I-J (30.1 - 40+),0
1996,ABRP,7,6,7_6,PBH (0 - 2.5),3
1996,ABRP,7,7,7_7,B-C-D (2.6 - 15),11
1996,ABRP,7,7,7_7,E-F-G (15.1 - 30),0
1996,ABRP,7,7,7_7,H-I-J (30.1 - 40+),0
1996,ABRP,7,7,7_7,PBH (0 - 2.5),2
1996,ABRP,7,8,7_8,B-C-D (2.6 - 15),25
1996,ABRP,7,8,7_8,E-F-G (15.1 - 30),0
1996,ABRP,7,8,7_8,H-I-J (30.1 - 40+),0
1996,ABRP,7,8,7_8,PBH (0 - 2.5),2
1996,ABRP,21,1,21_1,B-C-D (2.6 - 15),0
1996,ABRP,21,1,21_1,E-F-G (15.1 - 30),1
1996,ABRP,21,1,21_1,H-I-J (30.1 - 40+),1
1996,ABRP,21,1,21_1,PBH (0 - 2.5),1
1996,ABRP,21,2,21_2,B-C-D (2.6 - 15),2
1996,ABRP,21,2,21_2,E-F-G (15.1 - 30),9
1996,ABRP,21,2,21_2,H-I-J (30.1 - 40+),3
1996,ABRP,21,2,21_2,PBH (0 - 2.5),1
1996,ABRP,21,3,21_3,B-C-D (2.6 - 15),0
1996,ABRP,21,3,21_3,E-F-G (15.1 - 30),4
1996,ABRP,21,3,21_3,H-I-J (30.1 - 40+),1
1996,ABRP,21,3,21_3,PBH (0 - 2.5),2
1996,ABRP,22,1,22_1,B-C-D (2.6 - 15),0
1996,ABRP,22,1,22_1,E-F-G (15.1 - 30),0
1996,ABRP,22,1,22_1,H-I-J (30.1 - 40+),0
1996,ABRP,22,1,22_1,PBH (0 - 2.5),2
1996,ABRP,22,2,22_2,B-C-D (2.6 - 15),0
1996,ABRP,22,2,22_2,E-F-G (15.1 - 30),0
1996,ABRP,22,2,22_2,H-I-J (30.1 - 40+),0
1996,ABRP,22,2,22_2,PBH (0 - 2.5),3
1996,ABRP,22,3,22_3,B-C-D (2.6 - 15),0
1996,ABRP,22,3,22_3,E-F-G (15.1 - 30),0
1996,ABRP,22,3,22_3,H-I-J (30.1 - 40+),0
1996,ABRP,22,3,22_3,PBH (0 - 2.5),2
1996,ABRP,22,4,22_4,B-C-D (2.6 - 15),0
1996,ABRP,22,4,22_4,E-F-G (15.1 - 30),2
1996,ABRP,22,4,22_4,H-I-J (30.1 - 40+),0
1996,ABRP,22,4,22_4,PBH (0 - 2.5),2
1996,ABRP,22,5,22_5,B-C-D (2.6 - 15),0
1996,ABRP,22,5,22_5,E-F-G (15.1 - 30),0
1996,ABRP,22,5,22_5,H-I-J (30.1 - 40+),0
1996,ABRP,22,5,22_5,PBH (0 - 2.5),0
1997,ABRP,5,1,5_1,B-C-D (2.6 - 15),8
1997,ABRP,5,1,5_1,E-F-G (15.1 - 30),8
1997,ABRP,5,1,5_1,H-I-J (30.1 - 40+),1
1997,ABRP,5,1,5_1,PBH (0 - 2.5),3
1997,ABRP,5,2,5_2,B-C-D (2.6 - 15),1
1997,ABRP,5,2,5_2,E-F-G (15.1 - 30),6
1997,ABRP,5,2,5_2,H-I-J (30.1 - 40+),1
1997,ABRP,5,2,5_2,PBH (0 - 2.5),5
1997,ABRP,5,3,5_3,B-C-D (2.6 - 15),0
1997,ABRP,5,3,5_3,E-F-G (15.1 - 30),2
1997,ABRP,5,3,5_3,H-I-J (30.1 - 40+),20
1997,ABRP,5,3,5_3,PBH (0 - 2.5),2
1997,ABRP,5,4,5_4,B-C-D (2.6 - 15),1
1997,ABRP,5,4,5_4,E-F-G (15.1 - 30),0
1997,ABRP,5,4,5_4,H-I-J (30.1 - 40+),1
1997,ABRP,5,4,5_4,PBH (0 - 2.5),3
1997,ABRP,5,5,5_5,B-C-D (2.6 - 15),1
1997,ABRP,5,5,5_5,E-F-G (15.1 - 30),5
1997,ABRP,5,5,5_5,H-I-J (30.1 - 40+),1
1997,ABRP,5,5,5_5,PBH (0 - 2.5),4
1997,ABRP,5,6,5_6,B-C-D (2.6 - 15),1
1997,ABRP,5,6,5_6,E-F-G (15.1 - 30),2
1997,ABRP,5,6,5_6,H-I-J (30.1 - 40+),1
1997,ABRP,5,6,5_6,PBH (0 - 2.5),5
1997,ABRP,15,1,15_1,B-C-D (2.6 - 15),1
1997,ABRP,15,1,15_1,E-F-G (15.1 - 30),5
1997,ABRP,15,1,15_1,H-I-J (30.1 - 40+),9
1997,ABRP,15,1,15_1,PBH (0 - 2.5),2
1998,ABRP,12,1,12_1,B-C-D (2.6 - 15),0
1998,ABRP,12,1,12_1,E-F-G (15.1 - 30),0
1998,ABRP,12,1,12_1,H-I-J (30.1 - 40+),1
1998,ABRP,12,1,12_1,PBH (0 - 2.5),1
1998,ABRP,12,2,12_2,B-C-D (2.6 - 15),1
1998,ABRP,12,2,12_2,E-F-G (15.1 - 30),6
1998,ABRP,12,2,12_2,H-I-J (30.1 - 40+),1
1998,ABRP,12,2,12_2,PBH (0 - 2.5),3
1998,ABRP,21,1,21_1,B-C-D (2.6 - 15),0
1998,ABRP,21,1,21_1,E-F-G (15.1 - 30),1
1998,ABRP,21,1,21_1,H-I-J (30.1 - 40+),1
1998,ABRP,21,1,21_1,PBH (0 - 2.5),1
1998,ABRP,21,2,21_2,B-C-D (2.6 - 15),2
1998,ABRP,21,2,21_2,E-F-G (15.1 - 30),10
1998,ABRP,21,2,21_2,H-I-J (30.1 - 40+),2
1998,ABRP,21,2,21_2,PBH (0 - 2.5),2
1998,ABRP,21,3,21_3,B-C-D (2.6 - 15),1
1998,ABRP,21,3,21_3,E-F-G (15.1 - 30),4
1998,ABRP,21,3,21_3,H-I-J (30.1 - 40+),1
1998,ABRP,21,3,21_3,PBH (0 - 2.5),2
1998,ABRP,40,1,40_1,B-C-D (2.6 - 15),0
1998,ABRP,40,1,40_1,E-F-G (15.1 - 30),0
1998,ABRP,40,1,40_1,H-I-J (30.1 - 40+),0
1998,ABRP,40,1,40_1,PBH (0 - 2.5),2
1998,ABRP,40,2,40_2,B-C-D (2.6 - 15),0
1998,ABRP,40,2,40_2,E-F-G (15.1 - 30),0
1998,ABRP,40,2,40_2,H-I-J (30.1 - 40+),0
1998,ABRP,40,2,40_2,PBH (0 - 2.5),4
1998,ABRP,40,3,40_3,B-C-D (2.6 - 15),23
1998,ABRP,40,3,40_3,E-F-G (15.1 - 30),0
1998,ABRP,40,3,40_3,H-I-J (30.1 - 40+),0
1998,ABRP,40,3,40_3,PBH (0 - 2.5),5
1998,ABRP,40,4,40_4,B-C-D (2.6 - 15),11
1998,ABRP,40,4,40_4,E-F-G (15.1 - 30),0
1998,ABRP,40,4,40_4,H-I-J (30.1 - 40+),0
1998,ABRP,40,4,40_4,PBH (0 - 2.5),6
1998,ABRP,40,5,40_5,B-C-D (2.6 - 15),23
1998,ABRP,40,5,40_5,E-F-G (15.1 - 30),0
1998,ABRP,40,5,40_5,H-I-J (30.1 - 40+),0
1998,ABRP,40,5,40_5,PBH (0 - 2.5),5
1998,ABRP,40,6,40_6,B-C-D (2.6 - 15),75
1998,ABRP,40,6,40_6,E-F-G (15.1 - 30),0
1998,ABRP,40,6,40_6,H-I-J (30.1 - 40+),0
1998,ABRP,40,6,40_6,PBH (0 - 2.5),6
1998,ABRP,40,7,40_7,B-C-D (2.6 - 15),12
1998,ABRP,40,7,40_7,E-F-G (15.1 - 30),0
1998,ABRP,40,7,40_7,H-I-J (30.1 - 40+),0
1998,ABRP,40,7,40_7,PBH (0 - 2.5),3
1998,ABRP,40,8,40_8,B-C-D (2.6 - 15),9
1998,ABRP,40,8,40_8,E-F-G (15.1 - 30),0
1998,ABRP,40,8,40_8,H-I-J (30.1 - 40+),0
1998,ABRP,40,8,40_8,PBH (0 - 2.5),2
1998,ABRP,40,9,40_9,B-C-D (2.6 - 15),9
1998,ABRP,40,9,40_9,E-F-G (15.1 - 30),0
1998,ABRP,40,9,40_9,H-I-J (30.1 - 40+),0
1998,ABRP,40,9,40_9,PBH (0 - 2.5),3
1999,ABRP,22,1,22_1,B-C-D (2.6 - 15),0
1999,ABRP,22,1,22_1,E-F-G (15.1 - 30),0
1999,ABRP,22,1,22_1,H-I-J (30.1 - 40+),0
1999,ABRP,22,1,22_1,PBH (0 - 2.5),3
1999,ABRP,22,2,22_2,B-C-D (2.6 - 15),0
1999,ABRP,22,2,22_2,E-F-G (15.1 - 30),0
1999,ABRP,22,2,22_2,H-I-J (30.1 - 40+),0
1999,ABRP,22,2,22_2,PBH (0 - 2.5),3
1999,ABRP,22,3,22_3,B-C-D (2.6 - 15),0
1999,ABRP,22,3,22_3,E-F-G (15.1 - 30),0
1999,ABRP,22,3,22_3,H-I-J (30.1 - 40+),0
1999,ABRP,22,3,22_3,PBH (0 - 2.5),3
1999,ABRP,22,4,22_4,B-C-D (2.6 - 15),0
1999,ABRP,22,4,22_4,E-F-G (15.1 - 30),3
1999,ABRP,22,4,22_4,H-I-J (30.1 - 40+),0
1999,ABRP,22,4,22_4,PBH (0 - 2.5),3
1999,ABRP,22,5,22_5,B-C-D (2.6 - 15),0
1999,ABRP,22,5,22_5,E-F-G (15.1 - 30),0
1999,ABRP,22,5,22_5,H-I-J (30.1 - 40+),0
1999,ABRP,22,5,22_5,PBH (0 - 2.5),3
1999,ABRP,32,1,32_1,B-C-D (2.6 - 15),164
1999,ABRP,32,1,32_1,E-F-G (15.1 - 30),0
1999,ABRP,32,1,32_1,H-I-J (30.1 - 40+),0
1999,ABRP,32,1,32_1,PBH (0 - 2.5),2
1999,ABRP,32,2,32_2,B-C-D (2.6 - 15),4
1999,ABRP,32,2,32_2,E-F-G (15.1 - 30),0
1999,ABRP,32,2,32_2,H-I-J (30.1 - 40+),0
1999,ABRP,32,2,32_2,PBH (0 - 2.5),1
1999,ABRP,32,3,32_3,B-C-D (2.6 - 15),10
1999,ABRP,32,3,32_3,E-F-G (15.1 - 30),0
1999,ABRP,32,3,32_3,H-I-J (30.1 - 40+),0
1999,ABRP,32,3,32_3,PBH (0 - 2.5),3
1999,ABRP,32,4,32_4,B-C-D (2.6 - 15),45
1999,ABRP,32,4,32_4,E-F-G (15.1 - 30),0
1999,ABRP,32,4,32_4,H-I-J (30.1 - 40+),0
1999,ABRP,32,4,32_4,PBH (0 - 2.5),3
1999,ABRP,32,5,32_5,B-C-D (2.6 - 15),49
1999,ABRP,32,5,32_5,E-F-G (15.1 - 30),0
1999,ABRP,32,5,32_5,H-I-J (30.1 - 40+),0
1999,ABRP,32,5,32_5,PBH (0 - 2.5),2
1999,ABRP,32,6,32_6,B-C-D (2.6 - 15),23
1999,ABRP,32,6,32_6,E-F-G (15.1 - 30),0
1999,ABRP,32,6,32_6,H-I-J (30.1 - 40+),0
1999,ABRP,32,6,32_6,PBH (0 - 2.5),8
1999,ABRP,32,7,32_7,B-C-D (2.6 - 15),0
1999,ABRP,32,7,32_7,E-F-G (15.1 - 30),0
1999,ABRP,32,7,32_7,H-I-J (30.1 - 40+),0
1999,ABRP,32,7,32_7,PBH (0 - 2.5),3
1999,ABRP,32,8,32_8,B-C-D (2.6 - 15),0
1999,ABRP,32,8,32_8,E-F-G (15.1 - 30),0
1999,ABRP,32,8,32_8,H-I-J (30.1 - 40+),0
1999,ABRP,32,8,32_8,PBH (0 - 2.5),3
1999,ABRP,32,9,32_9,B-C-D (2.6 - 15),123
1999,ABRP,32,9,32_9,E-F-G (15.1 - 30),0
1999,ABRP,32,9,32_9,H-I-J (30.1 - 40+),0
1999,ABRP,32,9,32_9,PBH (0 - 2.5),4
1999,ABRP,32,10,32_10,B-C-D (2.6 - 15),0
1999,ABRP,32,10,32_10,E-F-G (15.1 - 30),0
1999,ABRP,32,10,32_10,H-I-J (30.1 - 40+),0
1999,ABRP,32,10,32_10,PBH (0 - 2.5),1
1999,ABRP,32,11,32_11,B-C-D (2.6 - 15),0
1999,ABRP,32,11,32_11,E-F-G (15.1 - 30),0
1999,ABRP,32,11,32_11,H-I-J (30.1 - 40+),0
1999,ABRP,32,11,32_11,PBH (0 - 2.5),3
2000,ABRP,5,1,5_1,B-C-D (2.6 - 15),17
2000,ABRP,5,1,5_1,E-F-G (15.1 - 30),6
2000,ABRP,5,1,5_1,H-I-J (30.1 - 40+),2
2000,ABRP,5,1,5_1,PBH (0 - 2.5),12
2000,ABRP,5,2,5_2,B-C-D (2.6 - 15),10
2000,ABRP,5,2,5_2,E-F-G (15.1 - 30),5
2000,ABRP,5,2,5_2,H-I-J (30.1 - 40+),2
2000,ABRP,5,2,5_2,PBH (0 - 2.5),10
2000,ABRP,5,3,5_3,B-C-D (2.6 - 15),0
2000,ABRP,5,3,5_3,E-F-G (15.1 - 30),4
2000,ABRP,5,3,5_3,H-I-J (30.1 - 40+),2
2000,ABRP,5,3,5_3,PBH (0 - 2.5),0
2000,ABRP,5,4,5_4,B-C-D (2.6 - 15),3
2000,ABRP,5,4,5_4,E-F-G (15.1 - 30),0
2000,ABRP,5,4,5_4,H-I-J (30.1 - 40+),1
2000,ABRP,5,4,5_4,PBH (0 - 2.5),3
2000,ABRP,5,5,5_5,B-C-D (2.6 - 15),4
2000,ABRP,5,5,5_5,E-F-G (15.1 - 30),5
2000,ABRP,5,5,5_5,H-I-J (30.1 - 40+),1
2000,ABRP,5,5,5_5,PBH (0 - 2.5),3
2000,ABRP,5,6,5_6,B-C-D (2.6 - 15),14
2000,ABRP,5,6,5_6,E-F-G (15.1 - 30),1
2000,ABRP,5,6,5_6,H-I-J (30.1 - 40+),1
2000,ABRP,5,6,5_6,PBH (0 - 2.5),8
2000,ABRP,12,1,12_1,B-C-D (2.6 - 15),0
2000,ABRP,12,1,12_1,E-F-G (15.1 - 30),0
2000,ABRP,12,1,12_1,H-I-J (30.1 - 40+),1
2000,ABRP,12,1,12_1,PBH (0 - 2.5),0
2000,ABRP,12,2,12_2,B-C-D (2.6 - 15),2
2000,ABRP,12,2,12_2,E-F-G (15.1 - 30),5
2000,ABRP,12,2,12_2,H-I-J (30.1 - 40+),0
2000,ABRP,12,2,12_2,PBH (0 - 2.5),3
2000,ABRP,13,1,13_1,B-C-D (2.6 - 15),0
2000,ABRP,13,1,13_1,E-F-G (15.1 - 30),0
2000,ABRP,13,1,13_1,H-I-J (30.1 - 40+),1
2000,ABRP,13,1,13_1,PBH (0 - 2.5),0
2000,ABRP,15,1,15_1,B-C-D (2.6 - 15),2
2000,ABRP,15,1,15_1,E-F-G (15.1 - 30),6
2000,ABRP,15,1,15_1,H-I-J (30.1 - 40+),9
2000,ABRP,15,1,15_1,PBH (0 - 2.5),2
2001,ABRP,1,1,1_1,B-C-D (2.6 - 15),2
2001,ABRP,1,1,1_1,E-F-G (15.1 - 30),0
2001,ABRP,1,1,1_1,H-I-J (30.1 - 40+),0
2001,ABRP,1,1,1_1,PBH (0 - 2.5),3
2001,ABRP,1,2,1_2,B-C-D (2.6 - 15),2
2001,ABRP,1,2,1_2,E-F-G (15.1 - 30),0
2001,ABRP,1,2,1_2,H-I-J (30.1 - 40+),0
2001,ABRP,1,2,1_2,PBH (0 - 2.5),1
2001,ABRP,1,3,1_3,B-C-D (2.6 - 15),2
2001,ABRP,1,3,1_3,E-F-G (15.1 - 30),0
2001,ABRP,1,3,1_3,H-I-J (30.1 - 40+),0
2001,ABRP,1,3,1_3,PBH (0 - 2.5),3
2001,ABRP,1,4,1_4,B-C-D (2.6 - 15),4
2001,ABRP,1,4,1_4,E-F-G (15.1 - 30),0
2001,ABRP,1,4,1_4,H-I-J (30.1 - 40+),0
2001,ABRP,1,4,1_4,PBH (0 - 2.5),3
2001,ABRP,1,5,1_5,B-C-D (2.6 - 15),3
2001,ABRP,1,5,1_5,E-F-G (15.1 - 30),0
2001,ABRP,1,5,1_5,H-I-J (30.1 - 40+),0
2001,ABRP,1,5,1_5,PBH (0 - 2.5),3
2001,ABRP,1,6,1_6,B-C-D (2.6 - 15),2
2001,ABRP,1,6,1_6,E-F-G (15.1 - 30),2
2001,ABRP,1,6,1_6,H-I-J (30.1 - 40+),0
2001,ABRP,1,6,1_6,PBH (0 - 2.5),3
2001,ABRP,1,7,1_7,B-C-D (2.6 - 15),7
2001,ABRP,1,7,1_7,E-F-G (15.1 - 30),0
2001,ABRP,1,7,1_7,H-I-J (30.1 - 40+),0
2001,ABRP,1,7,1_7,PBH (0 - 2.5),3
2001,ABRP,1,8,1_8,B-C-D (2.6 - 15),4
2001,ABRP,1,8,1_8,E-F-G (15.1 - 30),0
2001,ABRP,1,8,1_8,H-I-J (30.1 - 40+),0
2001,ABRP,1,8,1_8,PBH (0 - 2.5),3
2001,ABRP,1,9,1_9,B-C-D (2.6 - 15),1
2001,ABRP,1,9,1_9,E-F-G (15.1 - 30),6
2001,ABRP,1,9,1_9,H-I-J (30.1 - 40+),0
2001,ABRP,1,9,1_9,PBH (0 - 2.5),3
2001,ABRP,7,1,7_1,B-C-D (2.6 - 15),66
2001,ABRP,7,1,7_1,E-F-G (15.1 - 30),1
2001,ABRP,7,1,7_1,H-I-J (30.1 - 40+),0
2001,ABRP,7,1,7_1,PBH (0 - 2.5),6
2001,ABRP,7,2,7_2,B-C-D (2.6 - 15),30
2001,ABRP,7,2,7_2,E-F-G (15.1 - 30),0
2001,ABRP,7,2,7_2,H-I-J (30.1 - 40+),0
2001,ABRP,7,2,7_2,PBH (0 - 2.5),2
2001,ABRP,7,3,7_3,B-C-D (2.6 - 15),99
2001,ABRP,7,3,7_3,E-F-G (15.1 - 30),0
2001,ABRP,7,3,7_3,H-I-J (30.1 - 40+),0
2001,ABRP,7,3,7_3,PBH (0 - 2.5),4
2001,ABRP,7,4,7_4,B-C-D (2.6 - 15),10
2001,ABRP,7,4,7_4,E-F-G (15.1 - 30),0
2001,ABRP,7,4,7_4,H-I-J (30.1 - 40+),0
2001,ABRP,7,4,7_4,PBH (0 - 2.5),1
2001,ABRP,7,5,7_5,B-C-D (2.6 - 15),109
2001,ABRP,7,5,7_5,E-F-G (15.1 - 30),2
2001,ABRP,7,5,7_5,H-I-J (30.1 - 40+),0
2001,ABRP,7,5,7_5,PBH (0 - 2.5),2
2001,ABRP,7,6,7_6,B-C-D (2.6 - 15),52
2001,ABRP,7,6,7_6,E-F-G (15.1 - 30),0
2001,ABRP,7,6,7_6,H-I-J (30.1 - 40+),0
2001,ABRP,7,6,7_6,PBH (0 - 2.5),4
2001,ABRP,7,7,7_7,B-C-D (2.6 - 15),22
2001,ABRP,7,7,7_7,E-F-G (15.1 - 30),1
2001,ABRP,7,7,7_7,H-I-J (30.1 - 40+),0
2001,ABRP,7,7,7_7,PBH (0 - 2.5),3
2001,ABRP,7,8,7_8,B-C-D (2.6 - 15),42
2001,ABRP,7,8,7_8,E-F-G (15.1 - 30),0
2001,ABRP,7,8,7_8,H-I-J (30.1 - 40+),0
2001,ABRP,7,8,7_8,PBH (0 - 2.5),2
2001,ABRP,21,1,21_1,B-C-D (2.6 - 15),1
2001,ABRP,21,1,21_1,E-F-G (15.1 - 30),1
2001,ABRP,21,1,21_1,H-I-J (30.1 - 40+),1
2001,ABRP,21,1,21_1,PBH (0 - 2.5),1
2001,ABRP,21,2,21_2,B-C-D (2.6 - 15),5
2001,ABRP,21,2,21_2,E-F-G (15.1 - 30),9
2001,ABRP,21,2,21_2,H-I-J (30.1 - 40+),2
2001,ABRP,21,2,21_2,PBH (0 - 2.5),2
2001,ABRP,21,3,21_3,B-C-D (2.6 - 15),8
2001,ABRP,21,3,21_3,E-F-G (15.1 - 30),4
2001,ABRP,21,3,21_3,H-I-J (30.1 - 40+),1
2001,ABRP,21,3,21_3,PBH (0 - 2.5),2
2002,ABRP,22,1,22_1,B-C-D (2.6 - 15),0
2002,ABRP,22,1,22_1,E-F-G (15.1 - 30),0
2002,ABRP,22,1,22_1,H-I-J (30.1 - 40+),0
2002,ABRP,22,1,22_1,PBH (0 - 2.5),3
2002,ABRP,22,2,22_2,B-C-D (2.6 - 15),0
2002,ABRP,22,2,22_2,E-F-G (15.1 - 30),0
2002,ABRP,22,2,22_2,H-I-J (30.1 - 40+),0
2002,ABRP,22,2,22_2,PBH (0 - 2.5),3
2002,ABRP,22,3,22_3,B-C-D (2.6 - 15),0
2002,ABRP,22,3,22_3,E-F-G (15.1 - 30),0
2002,ABRP,22,3,22_3,H-I-J (30.1 - 40+),0
2002,ABRP,22,3,22_3,PBH (0 - 2.5),2
2002,ABRP,22,4,22_4,B-C-D (2.6 - 15),0
2002,ABRP,22,4,22_4,E-F-G (15.1 - 30),3
2002,ABRP,22,4,22_4,H-I-J (30.1 - 40+),0
2002,ABRP,22,4,22_4,PBH (0 - 2.5),2
2002,ABRP,22,5,22_5,B-C-D (2.6 - 15),0
2002,ABRP,22,5,22_5,E-F-G (15.1 - 30),0
2002,ABRP,22,5,22_5,H-I-J (30.1 - 40+),0
2002,ABRP,22,5,22_5,PBH (0 - 2.5),1
2002,ABRP,32,1,32_1,B-C-D (2.6 - 15),173
2002,ABRP,32,1,32_1,E-F-G (15.1 - 30),0
2002,ABRP,32,1,32_1,H-I-J (30.1 - 40+),0
2002,ABRP,32,1,32_1,PBH (0 - 2.5),12
2002,ABRP,32,2,32_2,B-C-D (2.6 - 15),5
2002,ABRP,32,2,32_2,E-F-G (15.1 - 30),0
2002,ABRP,32,2,32_2,H-I-J (30.1 - 40+),0
2002,ABRP,32,2,32_2,PBH (0 - 2.5),3
2002,ABRP,32,3,32_3,B-C-D (2.6 - 15),14
2002,ABRP,32,3,32_3,E-F-G (15.1 - 30),0
2002,ABRP,32,3,32_3,H-I-J (30.1 - 40+),0
2002,ABRP,32,3,32_3,PBH (0 - 2.5),1
2002,ABRP,32,4,32_4,B-C-D (2.6 - 15),43
2002,ABRP,32,4,32_4,E-F-G (15.1 - 30),0
2002,ABRP,32,4,32_4,H-I-J (30.1 - 40+),0
2002,ABRP,32,4,32_4,PBH (0 - 2.5),5
2002,ABRP,32,5,32_5,B-C-D (2.6 - 15),56
2002,ABRP,32,5,32_5,E-F-G (15.1 - 30),0
2002,ABRP,32,5,32_5,H-I-J (30.1 - 40+),0
2002,ABRP,32,5,32_5,PBH (0 - 2.5),2
2002,ABRP,32,6,32_6,B-C-D (2.6 - 15),42
2002,ABRP,32,6,32_6,E-F-G (15.1 - 30),0
2002,ABRP,32,6,32_6,H-I-J (30.1 - 40+),0
2002,ABRP,32,6,32_6,PBH (0 - 2.5),4
2002,ABRP,32,7,32_7,B-C-D (2.6 - 15),0
2002,ABRP,32,7,32_7,E-F-G (15.1 - 30),0
2002,ABRP,32,7,32_7,H-I-J (30.1 - 40+),0
2002,ABRP,32,7,32_7,PBH (0 - 2.5),2
2002,ABRP,32,8,32_8,B-C-D (2.6 - 15),0
2002,ABRP,32,8,32_8,E-F-G (15.1 - 30),0
2002,ABRP,32,8,32_8,H-I-J (30.1 - 40+),0
2002,ABRP,32,8,32_8,PBH (0 - 2.5),2
2002,ABRP,32,9,32_9,B-C-D (2.6 - 15),0
2002,ABRP,32,9,32_9,E-F-G (15.1 - 30),0
2002,ABRP,32,9,32_9,H-I-J (30.1 - 40+),0
2002,ABRP,32,9,32_9,PBH (0 - 2.5),2
2002,ABRP,32,10,32_10,B-C-D (2.6 - 15),151
2002,ABRP,32,10,32_10,E-F-G (15.1 - 30),0
2002,ABRP,32,10,32_10,H-I-J (30.1 - 40+),0
2002,ABRP,32,10,32_10,PBH (0 - 2.5),5
2002,ABRP,32,11,32_11,B-C-D (2.6 - 15),0
2002,ABRP,32,11,32_11,E-F-G (15.1 - 30),0
2002,ABRP,32,11,32_11,H-I-J (30.1 - 40+),0
2002,ABRP,32,11,32_11,PBH (0 - 2.5),3
2003,ABRP,5,1,5_1,B-C-D (2.6 - 15),43
2003,ABRP,5,1,5_1,E-F-G (15.1 - 30),9
2003,ABRP,5,1,5_1,H-I-J (30.1 - 40+),2
2003,ABRP,5,1,5_1,PBH (0 - 2.5),4
2003,ABRP,5,2,5_2,B-C-D (2.6 - 15),29
2003,ABRP,5,2,5_2,E-F-G (15.1 - 30),5
2003,ABRP,5,2,5_2,H-I-J (30.1 - 40+),2
2003,ABRP,5,2,5_2,PBH (0 - 2.5),5
2003,ABRP,5,3,5_3,B-C-D (2.6 - 15),0
2003,ABRP,5,3,5_3,E-F-G (15.1 - 30),4
2003,ABRP,5,3,5_3,H-I-J (30.1 - 40+),2
2003,ABRP,5,3,5_3,PBH (0 - 2.5),2
2003,ABRP,5,4,5_4,B-C-D (2.6 - 15),5
2003,ABRP,5,4,5_4,E-F-G (15.1 - 30),0
2003,ABRP,5,4,5_4,H-I-J (30.1 - 40+),1
2003,ABRP,5,4,5_4,PBH (0 - 2.5),3
2003,ABRP,5,5,5_5,B-C-D (2.6 - 15),3
2003,ABRP,5,5,5_5,E-F-G (15.1 - 30),5
2003,ABRP,5,5,5_5,H-I-J (30.1 - 40+),1
2003,ABRP,5,5,5_5,PBH (0 - 2.5),3
2003,ABRP,5,6,5_6,B-C-D (2.6 - 15),43
2003,ABRP,5,6,5_6,E-F-G (15.1 - 30),0
2003,ABRP,5,6,5_6,H-I-J (30.1 - 40+),0
2003,ABRP,5,6,5_6,PBH (0 - 2.5),3
2003,ABRP,12,1,12_1,B-C-D (2.6 - 15),0
2003,ABRP,12,1,12_1,E-F-G (15.1 - 30),0
2003,ABRP,12,1,12_1,H-I-J (30.1 - 40+),1
2003,ABRP,12,1,12_1,PBH (0 - 2.5),1
2003,ABRP,12,2,12_2,B-C-D (2.6 - 15),4
2003,ABRP,12,2,12_2,E-F-G (15.1 - 30),2
2003,ABRP,12,2,12_2,H-I-J (30.1 - 40+),0
2003,ABRP,12,2,12_2,PBH (0 - 2.5),4
2003,ABRP,13,1,13_1,B-C-D (2.6 - 15),0
2003,ABRP,13,1,13_1,E-F-G (15.1 - 30),0
2003,ABRP,13,1,13_1,H-I-J (30.1 - 40+),1
2003,ABRP,13,1,13_1,PBH (0 - 2.5),1
2003,ABRP,15,1,15_1,B-C-D (2.6 - 15),0
2003,ABRP,15,1,15_1,E-F-G (15.1 - 30),5
2003,ABRP,15,1,15_1,H-I-J (30.1 - 40+),7
2003,ABRP,15,1,15_1,PBH (0 - 2.5),2
2003,ABRP,21,1,21_1,B-C-D (2.6 - 15),1
2003,ABRP,21,1,21_1,E-F-G (15.1 - 30),1
2003,ABRP,21,1,21_1,H-I-J (30.1 - 40+),1
2003,ABRP,21,1,21_1,PBH (0 - 2.5),1
2003,ABRP,21,2,21_2,B-C-D (2.6 - 15),5
2003,ABRP,21,2,21_2,E-F-G (15.1 - 30),9
2003,ABRP,21,2,21_2,H-I-J (30.1 - 40+),2
2003,ABRP,21,2,21_2,PBH (0 - 2.5),1
2003,ABRP,21,3,21_3,B-C-D (2.6 - 15),7
2003,ABRP,21,3,21_3,E-F-G (15.1 - 30),4
2003,ABRP,21,3,21_3,H-I-J (30.1 - 40+),1
2003,ABRP,21,3,21_3,PBH (0 - 2.5),1
2003,ABRP,40,1,40_1,B-C-D (2.6 - 15),0
2003,ABRP,40,1,40_1,E-F-G (15.1 - 30),0
2003,ABRP,40,1,40_1,H-I-J (30.1 - 40+),0
2003,ABRP,40,1,40_1,PBH (0 - 2.5),2
2003,ABRP,40,2,40_2,B-C-D (2.6 - 15),5
2003,ABRP,40,2,40_2,E-F-G (15.1 - 30),0
2003,ABRP,40,2,40_2,H-I-J (30.1 - 40+),0
2003,ABRP,40,2,40_2,PBH (0 - 2.5),1
2003,ABRP,40,3,40_3,B-C-D (2.6 - 15),43
2003,ABRP,40,3,40_3,E-F-G (15.1 - 30),0
2003,ABRP,40,3,40_3,H-I-J (30.1 - 40+),0
2003,ABRP,40,3,40_3,PBH (0 - 2.5),2
2003,ABRP,40,4,40_4,B-C-D (2.6 - 15),47
2003,ABRP,40,4,40_4,E-F-G (15.1 - 30),0
2003,ABRP,40,4,40_4,H-I-J (30.1 - 40+),0
2003,ABRP,40,4,40_4,PBH (0 - 2.5),6
2003,ABRP,40,5,40_5,B-C-D (2.6 - 15),54
2003,ABRP,40,5,40_5,E-F-G (15.1 - 30),0
2003,ABRP,40,5,40_5,H-I-J (30.1 - 40+),0
2003,ABRP,40,5,40_5,PBH (0 - 2.5),4
2003,ABRP,40,6,40_6,B-C-D (2.6 - 15),106
2003,ABRP,40,6,40_6,E-F-G (15.1 - 30),0
2003,ABRP,40,6,40_6,H-I-J (30.1 - 40+),0
2003,ABRP,40,6,40_6,PBH (0 - 2.5),4
2003,ABRP,40,7,40_7,B-C-D (2.6 - 15),47
2003,ABRP,40,7,40_7,E-F-G (15.1 - 30),0
2003,ABRP,40,7,40_7,H-I-J (30.1 - 40+),0
2003,ABRP,40,7,40_7,PBH (0 - 2.5),7
2003,ABRP,40,8,40_8,B-C-D (2.6 - 15),15
2003,ABRP,40,8,40_8,E-F-G (15.1 - 30),0
2003,ABRP,40,8,40_8,H-I-J (30.1 - 40+),0
2003,ABRP,40,8,40_8,PBH (0 - 2.5),3
2003,ABRP,40,9,40_9,B-C-D (2.6 - 15),49
2003,ABRP,40,9,40_9,E-F-G (15.1 - 30),0
2003,ABRP,40,9,40_9,H-I-J (30.1 - 40+),0
2003,ABRP,40,9,40_9,PBH (0 - 2.5),6
2004,ABRP,7,1,7_1,B-C-D (2.6 - 15),79
2004,ABRP,7,1,7_1,E-F-G (15.1 - 30),0
2004,ABRP,7,1,7_1,H-I-J (30.1 - 40+),0
2004,ABRP,7,1,7_1,PBH (0 - 2.5),13
2004,ABRP,7,2,7_2,B-C-D (2.6 - 15),34
2004,ABRP,7,2,7_2,E-F-G (15.1 - 30),0
2004,ABRP,7,2,7_2,H-I-J (30.1 - 40+),0
2004,ABRP,7,2,7_2,PBH (0 - 2.5),2
2004,ABRP,7,3,7_3,B-C-D (2.6 - 15),104
2004,ABRP,7,3,7_3,E-F-G (15.1 - 30),1
2004,ABRP,7,3,7_3,H-I-J (30.1 - 40+),0
2004,ABRP,7,3,7_3,PBH (0 - 2.5),7
2004,ABRP,7,4,7_4,B-C-D (2.6 - 15),9
2004,ABRP,7,4,7_4,E-F-G (15.1 - 30),0
2004,ABRP,7,4,7_4,H-I-J (30.1 - 40+),0
2004,ABRP,7,4,7_4,PBH (0 - 2.5),1
2004,ABRP,7,5,7_5,B-C-D (2.6 - 15),97
2004,ABRP,7,5,7_5,E-F-G (15.1 - 30),5
2004,ABRP,7,5,7_5,H-I-J (30.1 - 40+),0
2004,ABRP,7,5,7_5,PBH (0 - 2.5),8
2004,ABRP,7,6,7_6,B-C-D (2.6 - 15),55
2004,ABRP,7,6,7_6,E-F-G (15.1 - 30),4
2004,ABRP,7,6,7_6,H-I-J (30.1 - 40+),0
2004,ABRP,7,6,7_6,PBH (0 - 2.5),8
2004,ABRP,7,7,7_7,B-C-D (2.6 - 15),0
2004,ABRP,7,7,7_7,E-F-G (15.1 - 30),0
2004,ABRP,7,7,7_7,H-I-J (30.1 - 40+),0
2004,ABRP,7,7,7_7,PBH (0 - 2.5),2
2004,ABRP,7,8,7_8,B-C-D (2.6 - 15),35
2004,ABRP,7,8,7_8,E-F-G (15.1 - 30),1
2004,ABRP,7,8,7_8,H-I-J (30.1 - 40+),0
2004,ABRP,7,8,7_8,PBH (0 - 2.5),1
2004,ABRP,22,1,22_1,B-C-D (2.6 - 15),0
2004,ABRP,22,1,22_1,E-F-G (15.1 - 30),0
2004,ABRP,22,1,22_1,H-I-J (30.1 - 40+),0
2004,ABRP,22,1,22_1,PBH (0 - 2.5),3
2004,ABRP,22,2,22_2,B-C-D (2.6 - 15),0
2004,ABRP,22,2,22_2,E-F-G (15.1 - 30),0
2004,ABRP,22,2,22_2,H-I-J (30.1 - 40+),0
2004,ABRP,22,2,22_2,PBH (0 - 2.5),3
2004,ABRP,22,3,22_3,B-C-D (2.6 - 15),0
2004,ABRP,22,3,22_3,E-F-G (15.1 - 30),0
2004,ABRP,22,3,22_3,H-I-J (30.1 - 40+),0
2004,ABRP,22,3,22_3,PBH (0 - 2.5),2
2004,ABRP,22,4,22_4,B-C-D (2.6 - 15),2
2004,ABRP,22,4,22_4,E-F-G (15.1 - 30),3
2004,ABRP,22,4,22_4,H-I-J (30.1 - 40+),0
2004,ABRP,22,4,22_4,PBH (0 - 2.5),2
2004,ABRP,22,5,22_5,B-C-D (2.6 - 15),0
2004,ABRP,22,5,22_5,E-F-G (15.1 - 30),0
2004,ABRP,22,5,22_5,H-I-J (30.1 - 40+),0
2004,ABRP,22,5,22_5,PBH (0 - 2.5),2
2005,ABRP,1,1,1_1,B-C-D (2.6 - 15),1
2005,ABRP,1,1,1_1,E-F-G (15.1 - 30),1
2005,ABRP,1,1,1_1,H-I-J (30.1 - 40+),0
2005,ABRP,1,1,1_1,PBH (0 - 2.5),3
2005,ABRP,1,2,1_2,B-C-D (2.6 - 15),2
2005,ABRP,1,2,1_2,E-F-G (15.1 - 30),0
2005,ABRP,1,2,1_2,H-I-J (30.1 - 40+),0
2005,ABRP,1,2,1_2,PBH (0 - 2.5),1
2005,ABRP,1,3,1_3,B-C-D (2.6 - 15),19
2005,ABRP,1,3,1_3,E-F-G (15.1 - 30),0
2005,ABRP,1,3,1_3,H-I-J (30.1 - 40+),0
2005,ABRP,1,3,1_3,PBH (0 - 2.5),3
2005,ABRP,1,4,1_4,B-C-D (2.6 - 15),24
2005,ABRP,1,4,1_4,E-F-G (15.1 - 30),1
2005,ABRP,1,4,1_4,H-I-J (30.1 - 40+),0
2005,ABRP,1,4,1_4,PBH (0 - 2.5),32
2005,ABRP,1,5,1_5,B-C-D (2.6 - 15),3
2005,ABRP,1,5,1_5,E-F-G (15.1 - 30),0
2005,ABRP,1,5,1_5,H-I-J (30.1 - 40+),0
2005,ABRP,1,5,1_5,PBH (0 - 2.5),7
2005,ABRP,1,6,1_6,B-C-D (2.6 - 15),56
2005,ABRP,1,6,1_6,E-F-G (15.1 - 30),3
2005,ABRP,1,6,1_6,H-I-J (30.1 - 40+),0
2005,ABRP,1,6,1_6,PBH (0 - 2.5),21
2005,ABRP,1,7,1_7,B-C-D (2.6 - 15),25
2005,ABRP,1,7,1_7,E-F-G (15.1 - 30),0
2005,ABRP,1,7,1_7,H-I-J (30.1 - 40+),0
2005,ABRP,1,7,1_7,PBH (0 - 2.5),14
2005,ABRP,1,9,1_9,B-C-D (2.6 - 15),40
2005,ABRP,1,9,1_9,E-F-G (15.1 - 30),1
2005,ABRP,1,9,1_9,H-I-J (30.1 - 40+),0
2005,ABRP,1,9,1_9,PBH (0 - 2.5),26
2005,ABRP,5,1,5_1,B-C-D (2.6 - 15),53
2005,ABRP,5,1,5_1,E-F-G (15.1 - 30),8
2005,ABRP,5,1,5_1,H-I-J (30.1 - 40+),2
2005,ABRP,5,1,5_1,PBH (0 - 2.5),11
2005,ABRP,5,2,5_2,B-C-D (2.6 - 15),27
2005,ABRP,5,2,5_2,E-F-G (15.1 - 30),5
2005,ABRP,5,2,5_2,H-I-J (30.1 - 40+),2
2005,ABRP,5,2,5_2,PBH (0 - 2.5),6
2005,ABRP,5,3,5_3,B-C-D (2.6 - 15),1
2005,ABRP,5,3,5_3,E-F-G (15.1 - 30),4
2005,ABRP,5,3,5_3,H-I-J (30.1 - 40+),2
2005,ABRP,5,3,5_3,PBH (0 - 2.5),3
2005,ABRP,5,4,5_4,B-C-D (2.6 - 15),32
2005,ABRP,5,4,5_4,E-F-G (15.1 - 30),0
2005,ABRP,5,4,5_4,H-I-J (30.1 - 40+),1
2005,ABRP,5,4,5_4,PBH (0 - 2.5),21
2005,ABRP,5,5,5_5,B-C-D (2.6 - 15),6
2005,ABRP,5,5,5_5,E-F-G (15.1 - 30),4
2005,ABRP,5,5,5_5,H-I-J (30.1 - 40+),1
2005,ABRP,5,5,5_5,PBH (0 - 2.5),25
2005,ABRP,5,6,5_6,B-C-D (2.6 - 15),50
2005,ABRP,5,6,5_6,E-F-G (15.1 - 30),2
2005,ABRP,5,6,5_6,H-I-J (30.1 - 40+),1
2005,ABRP,5,6,5_6,PBH (0 - 2.5),8
2005,ABRP,12,1,12_1,B-C-D (2.6 - 15),0
2005,ABRP,12,1,12_1,E-F-G (15.1 - 30),0
2005,ABRP,12,1,12_1,H-I-J (30.1 - 40+),1
2005,ABRP,12,1,12_1,PBH (0 - 2.5),3
2005,ABRP,12,2,12_2,B-C-D (2.6 - 15),7
2005,ABRP,12,2,12_2,E-F-G (15.1 - 30),6
2005,ABRP,12,2,12_2,H-I-J (30.1 - 40+),0
2005,ABRP,12,2,12_2,PBH (0 - 2.5),4
2005,ABRP,13,1,13_1,B-C-D (2.6 - 15),0
2005,ABRP,13,1,13_1,E-F-G (15.1 - 30),0
2005,ABRP,13,1,13_1,H-I-J (30.1 - 40+),1
2005,ABRP,13,1,13_1,PBH (0 - 2.5),3
2005,ABRP,15,1,15_1,B-C-D (2.6 - 15),1
2005,ABRP,15,1,15_1,E-F-G (15.1 - 30),5
2005,ABRP,15,1,15_1,H-I-J (30.1 - 40+),8
2005,ABRP,15,1,15_1,PBH (0 - 2.5),3
2005,ABRP,21,1,21_1,B-C-D (2.6 - 15),1
2005,ABRP,21,1,21_1,E-F-G (15.1 - 30),1
2005,ABRP,21,1,21_1,H-I-J (30.1 - 40+),1
2005,ABRP,21,1,21_1,PBH (0 - 2.5),1
2005,ABRP,21,2,21_2,B-C-D (2.6 - 15),5
2005,ABRP,21,2,21_2,E-F-G (15.1 - 30),9
2005,ABRP,21,2,21_2,H-I-J (30.1 - 40+),2
2005,ABRP,21,2,21_2,PBH (0 - 2.5),1
2005,ABRP,21,3,21_3,B-C-D (2.6 - 15),8
2005,ABRP,21,3,21_3,E-F-G (15.1 - 30),4
2005,ABRP,21,3,21_3,H-I-J (30.1 - 40+),1
2005,ABRP,21,3,21_3,PBH (0 - 2.5),1
2005,ABRP,32,1,32_1,B-C-D (2.6 - 15),174
2005,ABRP,32,1,32_1,E-F-G (15.1 - 30),0
2005,ABRP,32,1,32_1,H-I-J (30.1 - 40+),0
2005,ABRP,32,1,32_1,PBH (0 - 2.5),3
2005,ABRP,32,2,32_2,B-C-D (2.6 - 15),10
2005,ABRP,32,2,32_2,E-F-G (15.1 - 30),0
2005,ABRP,32,2,32_2,H-I-J (30.1 - 40+),0
2005,ABRP,32,2,32_2,PBH (0 - 2.5),1
2005,ABRP,32,3,32_3,B-C-D (2.6 - 15),19
2005,ABRP,32,3,32_3,E-F-G (15.1 - 30),0
2005,ABRP,32,3,32_3,H-I-J (30.1 - 40+),0
2005,ABRP,32,3,32_3,PBH (0 - 2.5),2
2005,ABRP,32,4,32_4,B-C-D (2.6 - 15),56
2005,ABRP,32,4,32_4,E-F-G (15.1 - 30),0
2005,ABRP,32,4,32_4,H-I-J (30.1 - 40+),0
2005,ABRP,32,4,32_4,PBH (0 - 2.5),1
2005,ABRP,32,5,32_5,B-C-D (2.6 - 15),71
2005,ABRP,32,5,32_5,E-F-G (15.1 - 30),0
2005,ABRP,32,5,32_5,H-I-J (30.1 - 40+),0
2005,ABRP,32,5,32_5,PBH (0 - 2.5),2
2005,ABRP,32,6,32_6,B-C-D (2.6 - 15),64
2005,ABRP,32,6,32_6,E-F-G (15.1 - 30),2
2005,ABRP,32,6,32_6,H-I-J (30.1 - 40+),0
2005,ABRP,32,6,32_6,PBH (0 - 2.5),9
2005,ABRP,32,7,32_7,B-C-D (2.6 - 15),0
2005,ABRP,32,7,32_7,E-F-G (15.1 - 30),0
2005,ABRP,32,7,32_7,H-I-J (30.1 - 40+),0
2005,ABRP,32,7,32_7,PBH (0 - 2.5),2
2005,ABRP,32,8,32_8,B-C-D (2.6 - 15),0
2005,ABRP,32,8,32_8,E-F-G (15.1 - 30),0
2005,ABRP,32,8,32_8,H-I-J (30.1 - 40+),0
2005,ABRP,32,8,32_8,PBH (0 - 2.5),2
2005,ABRP,32,9,32_9,B-C-D (2.6 - 15),148
2005,ABRP,32,9,32_9,E-F-G (15.1 - 30),0
2005,ABRP,32,9,32_9,H-I-J (30.1 - 40+),0
2005,ABRP,32,9,32_9,PBH (0 - 2.5),4
2005,ABRP,32,10,32_10,B-C-D (2.6 - 15),0
2005,ABRP,32,10,32_10,E-F-G (15.1 - 30),0
2005,ABRP,32,10,32_10,H-I-J (30.1 - 40+),0
2005,ABRP,32,10,32_10,PBH (0 - 2.5),2
2005,ABRP,32,11,32_11,B-C-D (2.6 - 15),5
2005,ABRP,32,11,32_11,E-F-G (15.1 - 30),0
2005,ABRP,32,11,32_11,H-I-J (30.1 - 40+),0
2005,ABRP,32,11,32_11,PBH (0 - 2.5),8
2005,ABRP,40,1,40_1,B-C-D (2.6 - 15),0
2005,ABRP,40,1,40_1,E-F-G (15.1 - 30),0
2005,ABRP,40,1,40_1,H-I-J (30.1 - 40+),0
2005,ABRP,40,1,40_1,PBH (0 - 2.5),3
2005,ABRP,40,2,40_2,B-C-D (2.6 - 15),5
2005,ABRP,40,2,40_2,E-F-G (15.1 - 30),0
2005,ABRP,40,2,40_2,H-I-J (30.1 - 40+),0
2005,ABRP,40,2,40_2,PBH (0 - 2.5),1
2005,ABRP,40,3,40_3,B-C-D (2.6 - 15),38
2005,ABRP,40,3,40_3,E-F-G (15.1 - 30),0
2005,ABRP,40,3,40_3,H-I-J (30.1 - 40+),0
2005,ABRP,40,3,40_3,PBH (0 - 2.5),4
2005,ABRP,40,4,40_4,B-C-D (2.6 - 15),49
2005,ABRP,40,4,40_4,E-F-G (15.1 - 30),0
2005,ABRP,40,4,40_4,H-I-J (30.1 - 40+),0
2005,ABRP,40,4,40_4,PBH (0 - 2.5),2
2005,ABRP,40,5,40_5,B-C-D (2.6 - 15),65
2005,ABRP,40,5,40_5,E-F-G (15.1 - 30),0
2005,ABRP,40,5,40_5,H-I-J (30.1 - 40+),0
2005,ABRP,40,5,40_5,PBH (0 - 2.5),7
2005,ABRP,40,6,40_6,B-C-D (2.6 - 15),89
2005,ABRP,40,6,40_6,E-F-G (15.1 - 30),0
2005,ABRP,40,6,40_6,H-I-J (30.1 - 40+),0
2005,ABRP,40,6,40_6,PBH (0 - 2.5),2
2005,ABRP,40,7,40_7,B-C-D (2.6 - 15),90
2005,ABRP,40,7,40_7,E-F-G (15.1 - 30),0
2005,ABRP,40,7,40_7,H-I-J (30.1 - 40+),0
2005,ABRP,40,7,40_7,PBH (0 - 2.5),7
2005,ABRP,40,8,40_8,B-C-D (2.6 - 15),95
2005,ABRP,40,8,40_8,E-F-G (15.1 - 30),0
2005,ABRP,40,8,40_8,H-I-J (30.1 - 40+),0
2005,ABRP,40,8,40_8,PBH (0 - 2.5),10
2005,ABRP,40,9,40_9,B-C-D (2.6 - 15),55
2005,ABRP,40,9,40_9,E-F-G (15.1 - 30),0
2005,ABRP,40,9,40_9,H-I-J (30.1 - 40+),0
2005,ABRP,40,9,40_9,PBH (0 - 2.5),3
2006,ABRP,22,1,22_1,B-C-D (2.6 - 15),0
2006,ABRP,22,1,22_1,E-F-G (15.1 - 30),0
2006,ABRP,22,1,22_1,H-I-J (30.1 - 40+),0
2006,ABRP,22,1,22_1,PBH (0 - 2.5),3
2006,ABRP,22,2,22_2,B-C-D (2.6 - 15),0
2006,ABRP,22,2,22_2,E-F-G (15.1 - 30),0
2006,ABRP,22,2,22_2,H-I-J (30.1 - 40+),0
2006,ABRP,22,2,22_2,PBH (0 - 2.5),6
2006,ABRP,22,3,22_3,B-C-D (2.6 - 15),0
2006,ABRP,22,3,22_3,E-F-G (15.1 - 30),0
2006,ABRP,22,3,22_3,H-I-J (30.1 - 40+),0
2006,ABRP,22,3,22_3,PBH (0 - 2.5),2
2006,ABRP,22,4,22_4,B-C-D (2.6 - 15),2
2006,ABRP,22,4,22_4,E-F-G (15.1 - 30),3
2006,ABRP,22,4,22_4,H-I-J (30.1 - 40+),0
2006,ABRP,22,4,22_4,PBH (0 - 2.5),5
2006,ABRP,22,5,22_5,B-C-D (2.6 - 15),0
2006,ABRP,22,5,22_5,E-F-G (15.1 - 30),0
2006,ABRP,22,5,22_5,H-I-J (30.1 - 40+),0
2006,ABRP,22,5,22_5,PBH (0 - 2.5),1
2007,ABRP,1,1,1_1,B-C-D (2.6 - 15),1
2007,ABRP,1,1,1_1,E-F-G (15.1 - 30),1
2007,ABRP,1,1,1_1,H-I-J (30.1 - 40+),0
2007,ABRP,1,1,1_1,PBH (0 - 2.5),5
2007,ABRP,1,2,1_2,B-C-D (2.6 - 15),2
2007,ABRP,1,2,1_2,E-F-G (15.1 - 30),0
2007,ABRP,1,2,1_2,H-I-J (30.1 - 40+),0
2007,ABRP,1,2,1_2,PBH (0 - 2.5),1
2007,ABRP,1,3,1_3,B-C-D (2.6 - 15),25
2007,ABRP,1,3,1_3,E-F-G (15.1 - 30),0
2007,ABRP,1,3,1_3,H-I-J (30.1 - 40+),0
2007,ABRP,1,3,1_3,PBH (0 - 2.5),18
2007,ABRP,1,4,1_4,B-C-D (2.6 - 15),61
2007,ABRP,1,4,1_4,E-F-G (15.1 - 30),1
2007,ABRP,1,4,1_4,H-I-J (30.1 - 40+),0
2007,ABRP,1,4,1_4,PBH (0 - 2.5),25
2007,ABRP,1,5,1_5,B-C-D (2.6 - 15),25
2007,ABRP,1,5,1_5,E-F-G (15.1 - 30),0
2007,ABRP,1,5,1_5,H-I-J (30.1 - 40+),0
2007,ABRP,1,5,1_5,PBH (0 - 2.5),16
2007,ABRP,1,6,1_6,B-C-D (2.6 - 15),79
2007,ABRP,1,6,1_6,E-F-G (15.1 - 30),2
2007,ABRP,1,6,1_6,H-I-J (30.1 - 40+),0
2007,ABRP,1,6,1_6,PBH (0 - 2.5),10
2007,ABRP,1,7,1_7,B-C-D (2.6 - 15),39
2007,ABRP,1,7,1_7,E-F-G (15.1 - 30),0
2007,ABRP,1,7,1_7,H-I-J (30.1 - 40+),0
2007,ABRP,1,7,1_7,PBH (0 - 2.5),18
2007,ABRP,1,8,1_8,B-C-D (2.6 - 15),85
2007,ABRP,1,8,1_8,E-F-G (15.1 - 30),0
2007,ABRP,1,8,1_8,H-I-J (30.1 - 40+),0
2007,ABRP,1,8,1_8,PBH (0 - 2.5),19
2007,ABRP,1,9,1_9,B-C-D (2.6 - 15),27
2007,ABRP,1,9,1_9,E-F-G (15.1 - 30),6
2007,ABRP,1,9,1_9,H-I-J (30.1 - 40+),0
2007,ABRP,1,9,1_9,PBH (0 - 2.5),8
2007,ABRP,21,1,21_1,B-C-D (2.6 - 15),1
2007,ABRP,21,1,21_1,E-F-G (15.1 - 30),1
2007,ABRP,21,1,21_1,H-I-J (30.1 - 40+),1
2007,ABRP,21,1,21_1,PBH (0 - 2.5),1
2007,ABRP,21,2,21_2,B-C-D (2.6 - 15),5
2007,ABRP,21,2,21_2,E-F-G (15.1 - 30),9
2007,ABRP,21,2,21_2,H-I-J (30.1 - 40+),2
2007,ABRP,21,2,21_2,PBH (0 - 2.5),1
2007,ABRP,21,3,21_3,B-C-D (2.6 - 15),6
2007,ABRP,21,3,21_3,E-F-G (15.1 - 30),4
2007,ABRP,21,3,21_3,H-I-J (30.1 - 40+),1
2007,ABRP,21,3,21_3,PBH (0 - 2.5),0
2008,ABRP,7,1,7_1,B-C-D (2.6 - 15),13
2008,ABRP,7,1,7_1,E-F-G (15.1 - 30),40
2008,ABRP,7,1,7_1,H-I-J (30.1 - 40+),37
2008,ABRP,7,1,7_1,PBH (0 - 2.5),1
2008,ABRP,7,2,7_2,B-C-D (2.6 - 15),6
2008,ABRP,7,2,7_2,E-F-G (15.1 - 30),16
2008,ABRP,7,2,7_2,H-I-J (30.1 - 40+),16
2008,ABRP,7,2,7_2,PBH (0 - 2.5),1
2008,ABRP,7,3,7_3,B-C-D (2.6 - 15),17
2008,ABRP,7,3,7_3,E-F-G (15.1 - 30),65
2008,ABRP,7,3,7_3,H-I-J (30.1 - 40+),37
2008,ABRP,7,3,7_3,PBH (0 - 2.5),1
2008,ABRP,7,4,7_4,B-C-D (2.6 - 15),1
2008,ABRP,7,4,7_4,E-F-G (15.1 - 30),1
2008,ABRP,7,4,7_4,H-I-J (30.1 - 40+),2
2008,ABRP,7,4,7_4,PBH (0 - 2.5),0
2008,ABRP,7,8,7_8,B-C-D (2.6 - 15),2
2008,ABRP,7,8,7_8,E-F-G (15.1 - 30),0
2008,ABRP,7,8,7_8,H-I-J (30.1 - 40+),13
2008,ABRP,7,8,7_8,PBH (0 - 2.5),0
2008,ABRP,15,1,15_1,B-C-D (2.6 - 15),1
2008,ABRP,15,1,15_1,E-F-G (15.1 - 30),4
2008,ABRP,15,1,15_1,H-I-J (30.1 - 40+),9
2008,ABRP,15,1,15_1,PBH (0 - 2.5),1
2008,ABRP,22,1,22_1,B-C-D (2.6 - 15),0
2008,ABRP,22,1,22_1,E-F-G (15.1 - 30),0
2008,ABRP,22,1,22_1,H-I-J (30.1 - 40+),0
2008,ABRP,22,1,22_1,PBH (0 - 2.5),2
2008,ABRP,22,2,22_2,B-C-D (2.6 - 15),0
2008,ABRP,22,2,22_2,E-F-G (15.1 - 30),0
2008,ABRP,22,2,22_2,H-I-J (30.1 - 40+),0
2008,ABRP,22,2,22_2,PBH (0 - 2.5),1
2008,ABRP,22,3,22_3,B-C-D (2.6 - 15),0
2008,ABRP,22,3,22_3,E-F-G (15.1 - 30),0
2008,ABRP,22,3,22_3,H-I-J (30.1 - 40+),0
2008,ABRP,22,3,22_3,PBH (0 - 2.5),5
2008,ABRP,22,4,22_4,B-C-D (2.6 - 15),3
2008,ABRP,22,4,22_4,E-F-G (15.1 - 30),3
2008,ABRP,22,4,22_4,H-I-J (30.1 - 40+),0
2008,ABRP,22,4,22_4,PBH (0 - 2.5),4
2008,ABRP,22,5,22_5,B-C-D (2.6 - 15),0
2008,ABRP,22,5,22_5,E-F-G (15.1 - 30),0
2008,ABRP,22,5,22_5,H-I-J (30.1 - 40+),0
2008,ABRP,22,5,22_5,PBH (0 - 2.5),1
2008,ABRP,40,1,40_1,B-C-D (2.6 - 15),0
2008,ABRP,40,1,40_1,E-F-G (15.1 - 30),0
2008,ABRP,40,1,40_1,H-I-J (30.1 - 40+),0
2008,ABRP,40,1,40_1,PBH (0 - 2.5),1
2008,ABRP,40,2,40_2,B-C-D (2.6 - 15),0
2008,ABRP,40,2,40_2,E-F-G (15.1 - 30),0
2008,ABRP,40,2,40_2,H-I-J (30.1 - 40+),0
2008,ABRP,40,2,40_2,PBH (0 - 2.5),0
2008,ABRP,40,3,40_3,B-C-D (2.6 - 15),2
2008,ABRP,40,3,40_3,E-F-G (15.1 - 30),23
2008,ABRP,40,3,40_3,H-I-J (30.1 - 40+),8
2008,ABRP,40,3,40_3,PBH (0 - 2.5),2
2008,ABRP,40,5,40_5,B-C-D (2.6 - 15),24
2008,ABRP,40,5,40_5,E-F-G (15.1 - 30),39
2008,ABRP,40,5,40_5,H-I-J (30.1 - 40+),1
2008,ABRP,40,5,40_5,PBH (0 - 2.5),1
2008,ABRP,40,6,40_6,B-C-D (2.6 - 15),3
2008,ABRP,40,6,40_6,E-F-G (15.1 - 30),44
2008,ABRP,40,6,40_6,H-I-J (30.1 - 40+),6
2008,ABRP,40,6,40_6,PBH (0 - 2.5),1
2008,ABRP,40,7,40_7,B-C-D (2.6 - 15),53
2008,ABRP,40,7,40_7,E-F-G (15.1 - 30),93
2008,ABRP,40,7,40_7,H-I-J (30.1 - 40+),2
2008,ABRP,40,7,40_7,PBH (0 - 2.5),2
2008,ABRP,40,8,40_8,B-C-D (2.6 - 15),3
2008,ABRP,40,8,40_8,E-F-G (15.1 - 30),2
2008,ABRP,40,8,40_8,H-I-J (30.1 - 40+),4
2008,ABRP,40,8,40_8,PBH (0 - 2.5),0
2008,ABRP,40,9,40_9,B-C-D (2.6 - 15),22
2008,ABRP,40,9,40_9,E-F-G (15.1 - 30),36
2008,ABRP,40,9,40_9,H-I-J (30.1 - 40+),2
2008,ABRP,40,9,40_9,PBH (0 - 2.5),1
2009,ABRP,1,1,1_1,B-C-D (2.6 - 15),8
2009,ABRP,1,1,1_1,E-F-G (15.1 - 30),1
2009,ABRP,1,1,1_1,H-I-J (30.1 - 40+),0
2009,ABRP,1,1,1_1,PBH (0 - 2.5),2
2009,ABRP,1,2,1_2,B-C-D (2.6 - 15),2
2009,ABRP,1,2,1_2,E-F-G (15.1 - 30),0
2009,ABRP,1,2,1_2,H-I-J (30.1 - 40+),0
2009,ABRP,1,2,1_2,PBH (0 - 2.5),1
2009,ABRP,1,3,1_3,B-C-D (2.6 - 15),46
2009,ABRP,1,3,1_3,E-F-G (15.1 - 30),0
2009,ABRP,1,3,1_3,H-I-J (30.1 - 40+),0
2009,ABRP,1,3,1_3,PBH (0 - 2.5),4
2009,ABRP,1,4,1_4,B-C-D (2.6 - 15),88
2009,ABRP,1,4,1_4,E-F-G (15.1 - 30),1
2009,ABRP,1,4,1_4,H-I-J (30.1 - 40+),0
2009,ABRP,1,4,1_4,PBH (0 - 2.5),3
2009,ABRP,1,5,1_5,B-C-D (2.6 - 15),27
2009,ABRP,1,5,1_5,E-F-G (15.1 - 30),0
2009,ABRP,1,5,1_5,H-I-J (30.1 - 40+),0
2009,ABRP,1,5,1_5,PBH (0 - 2.5),3
2009,ABRP,1,6,1_6,B-C-D (2.6 - 15),88
2009,ABRP,1,6,1_6,E-F-G (15.1 - 30),4
2009,ABRP,1,6,1_6,H-I-J (30.1 - 40+),0
2009,ABRP,1,6,1_6,PBH (0 - 2.5),3
2009,ABRP,1,7,1_7,B-C-D (2.6 - 15),48
2009,ABRP,1,7,1_7,E-F-G (15.1 - 30),2
2009,ABRP,1,7,1_7,H-I-J (30.1 - 40+),0
2009,ABRP,1,7,1_7,PBH (0 - 2.5),4
2009,ABRP,1,8,1_8,B-C-D (2.6 - 15),95
2009,ABRP,1,8,1_8,E-F-G (15.1 - 30),0
2009,ABRP,1,8,1_8,H-I-J (30.1 - 40+),0
2009,ABRP,1,8,1_8,PBH (0 - 2.5),3
2009,ABRP,1,9,1_9,B-C-D (2.6 - 15),71
2009,ABRP,1,9,1_9,E-F-G (15.1 - 30),3
2009,ABRP,1,9,1_9,H-I-J (30.1 - 40+),0
2009,ABRP,1,9,1_9,PBH (0 - 2.5),4
2009,ABRP,5,1,5_1,B-C-D (2.6 - 15),79
2009,ABRP,5,1,5_1,E-F-G (15.1 - 30),8
2009,ABRP,5,1,5_1,H-I-J (30.1 - 40+),3
2009,ABRP,5,1,5_1,PBH (0 - 2.5),10
2009,ABRP,5,2,5_2,B-C-D (2.6 - 15),40
2009,ABRP,5,2,5_2,E-F-G (15.1 - 30),6
2009,ABRP,5,2,5_2,H-I-J (30.1 - 40+),1
2009,ABRP,5,2,5_2,PBH (0 - 2.5),5
2009,ABRP,5,3,5_3,B-C-D (2.6 - 15),4
2009,ABRP,5,3,5_3,E-F-G (15.1 - 30),1
2009,ABRP,5,3,5_3,H-I-J (30.1 - 40+),2
2009,ABRP,5,3,5_3,PBH (0 - 2.5),2
2009,ABRP,5,4,5_4,B-C-D (2.6 - 15),81
2009,ABRP,5,4,5_4,E-F-G (15.1 - 30),0
2009,ABRP,5,4,5_4,H-I-J (30.1 - 40+),1
2009,ABRP,5,4,5_4,PBH (0 - 2.5),4
2009,ABRP,5,5,5_5,B-C-D (2.6 - 15),68
2009,ABRP,5,5,5_5,E-F-G (15.1 - 30),4
2009,ABRP,5,5,5_5,H-I-J (30.1 - 40+),2
2009,ABRP,5,5,5_5,PBH (0 - 2.5),4
2009,ABRP,5,6,5_6,B-C-D (2.6 - 15),70
2009,ABRP,5,6,5_6,E-F-G (15.1 - 30),3
2009,ABRP,5,6,5_6,H-I-J (30.1 - 40+),1
2009,ABRP,5,6,5_6,PBH (0 - 2.5),4
2009,ABRP,7,4,7_4,B-C-D (2.6 - 15),3
2009,ABRP,7,4,7_4,E-F-G (15.1 - 30),1
2009,ABRP,7,4,7_4,H-I-J (30.1 - 40+),0
2009,ABRP,7,4,7_4,PBH (0 - 2.5),0
2009,ABRP,7,6,7_6,B-C-D (2.6 - 15),33
2009,ABRP,7,6,7_6,E-F-G (15.1 - 30),2
2009,ABRP,7,6,7_6,H-I-J (30.1 - 40+),0
2009,ABRP,7,6,7_6,PBH (0 - 2.5),0
2009,ABRP,7,7,7_7,B-C-D (2.6 - 15),2
2009,ABRP,7,7,7_7,E-F-G (15.1 - 30),1
2009,ABRP,7,7,7_7,H-I-J (30.1 - 40+),0
2009,ABRP,7,7,7_7,PBH (0 - 2.5),0
2009,ABRP,7,8,7_8,B-C-D (2.6 - 15),12
2009,ABRP,7,8,7_8,E-F-G (15.1 - 30),4
2009,ABRP,7,8,7_8,H-I-J (30.1 - 40+),0
2009,ABRP,7,8,7_8,PBH (0 - 2.5),0
2009,ABRP,12,1,12_1,B-C-D (2.6 - 15),0
2009,ABRP,12,1,12_1,E-F-G (15.1 - 30),0
2009,ABRP,12,1,12_1,H-I-J (30.1 - 40+),1
2009,ABRP,12,1,12_1,PBH (0 - 2.5),2
2009,ABRP,12,2,12_2,B-C-D (2.6 - 15),4
2009,ABRP,12,2,12_2,E-F-G (15.1 - 30),5
2009,ABRP,12,2,12_2,H-I-J (30.1 - 40+),0
2009,ABRP,12,2,12_2,PBH (0 - 2.5),3
2009,ABRP,21,1,21_1,B-C-D (2.6 - 15),2
2009,ABRP,21,1,21_1,E-F-G (15.1 - 30),0
2009,ABRP,21,1,21_1,H-I-J (30.1 - 40+),1
2009,ABRP,21,1,21_1,PBH (0 - 2.5),1
2009,ABRP,21,2,21_2,B-C-D (2.6 - 15),4
2009,ABRP,21,2,21_2,E-F-G (15.1 - 30),9
2009,ABRP,21,2,21_2,H-I-J (30.1 - 40+),2
2009,ABRP,21,2,21_2,PBH (0 - 2.5),2
2009,ABRP,21,3,21_3,B-C-D (2.6 - 15),7
2009,ABRP,21,3,21_3,E-F-G (15.1 - 30),3
2009,ABRP,21,3,21_3,H-I-J (30.1 - 40+),1
2009,ABRP,21,3,21_3,PBH (0 - 2.5),1
2009,ABRP,32,1,32_1,B-C-D (2.6 - 15),169
2009,ABRP,32,1,32_1,E-F-G (15.1 - 30),1
2009,ABRP,32,1,32_1,H-I-J (30.1 - 40+),0
2009,ABRP,32,1,32_1,PBH (0 - 2.5),1
2009,ABRP,32,2,32_2,B-C-D (2.6 - 15),5
2009,ABRP,32,2,32_2,E-F-G (15.1 - 30),0
2009,ABRP,32,2,32_2,H-I-J (30.1 - 40+),0
2009,ABRP,32,2,32_2,PBH (0 - 2.5),1
2009,ABRP,32,3,32_3,B-C-D (2.6 - 15),18
2009,ABRP,32,3,32_3,E-F-G (15.1 - 30),0
2009,ABRP,32,3,32_3,H-I-J (30.1 - 40+),0
2009,ABRP,32,3,32_3,PBH (0 - 2.5),0
2009,ABRP,32,4,32_4,B-C-D (2.6 - 15),50
2009,ABRP,32,4,32_4,E-F-G (15.1 - 30),2
2009,ABRP,32,4,32_4,H-I-J (30.1 - 40+),0
2009,ABRP,32,4,32_4,PBH (0 - 2.5),0
2009,ABRP,32,5,32_5,B-C-D (2.6 - 15),65
2009,ABRP,32,5,32_5,E-F-G (15.1 - 30),1
2009,ABRP,32,5,32_5,H-I-J (30.1 - 40+),0
2009,ABRP,32,5,32_5,PBH (0 - 2.5),1
2009,ABRP,32,6,32_6,B-C-D (2.6 - 15),69
2009,ABRP,32,6,32_6,E-F-G (15.1 - 30),0
2009,ABRP,32,6,32_6,H-I-J (30.1 - 40+),0
2009,ABRP,32,6,32_6,PBH (0 - 2.5),1
2009,ABRP,32,7,32_7,B-C-D (2.6 - 15),2
2009,ABRP,32,7,32_7,E-F-G (15.1 - 30),0
2009,ABRP,32,7,32_7,H-I-J (30.1 - 40+),0
2009,ABRP,32,7,32_7,PBH (0 - 2.5),3
2009,ABRP,32,8,32_8,B-C-D (2.6 - 15),5
2009,ABRP,32,8,32_8,E-F-G (15.1 - 30),0
2009,ABRP,32,8,32_8,H-I-J (30.1 - 40+),0
2009,ABRP,32,8,32_8,PBH (0 - 2.5),2
2009,ABRP,32,9,32_9,B-C-D (2.6 - 15),145
2009,ABRP,32,9,32_9,E-F-G (15.1 - 30),0
2009,ABRP,32,9,32_9,H-I-J (30.1 - 40+),0
2009,ABRP,32,9,32_9,PBH (0 - 2.5),1
2009,ABRP,32,10,32_10,B-C-D (2.6 - 15),4
2009,ABRP,32,10,32_10,E-F-G (15.1 - 30),0
2009,ABRP,32,10,32_10,H-I-J (30.1 - 40+),0
2009,ABRP,32,10,32_10,PBH (0 - 2.5),2
2009,ABRP,32,11,32_11,B-C-D (2.6 - 15),14
2009,ABRP,32,11,32_11,E-F-G (15.1 - 30),0
2009,ABRP,32,11,32_11,H-I-J (30.1 - 40+),0
2009,ABRP,32,11,32_11,PBH (0 - 2.5),1
2010,ABRP,7,1,7_1,B-C-D (2.6 - 15),62
2010,ABRP,7,1,7_1,E-F-G (15.1 - 30),5
2010,ABRP,7,1,7_1,H-I-J (30.1 - 40+),0
2010,ABRP,7,1,7_1,PBH (0 - 2.5),1
2010,ABRP,7,2,7_2,B-C-D (2.6 - 15),34
2010,ABRP,7,2,7_2,E-F-G (15.1 - 30),6
2010,ABRP,7,2,7_2,H-I-J (30.1 - 40+),0
2010,ABRP,7,2,7_2,PBH (0 - 2.5),1
2010,ABRP,7,3,7_3,B-C-D (2.6 - 15),106
2010,ABRP,7,3,7_3,E-F-G (15.1 - 30),11
2010,ABRP,7,3,7_3,H-I-J (30.1 - 40+),0
2010,ABRP,7,3,7_3,PBH (0 - 2.5),3
2010,ABRP,7,5,7_5,B-C-D (2.6 - 15),80
2010,ABRP,7,5,7_5,E-F-G (15.1 - 30),10
2010,ABRP,7,5,7_5,H-I-J (30.1 - 40+),0
2010,ABRP,7,5,7_5,PBH (0 - 2.5),1
2010,ABRP,13,1,13_1,B-C-D (2.6 - 15),0
2010,ABRP,13,1,13_1,E-F-G (15.1 - 30),0
2010,ABRP,13,1,13_1,H-I-J (30.1 - 40+),1
2010,ABRP,13,1,13_1,PBH (0 - 2.5),2
2010,ABRP,15,1,15_1,B-C-D (2.6 - 15),2
2010,ABRP,15,1,15_1,E-F-G (15.1 - 30),5
2010,ABRP,15,1,15_1,H-I-J (30.1 - 40+),8
2010,ABRP,15,1,15_1,PBH (0 - 2.5),2
2010,ABRP,22,1,22_1,B-C-D (2.6 - 15),1
2010,ABRP,22,1,22_1,E-F-G (15.1 - 30),0
2010,ABRP,22,1,22_1,H-I-J (30.1 - 40+),0
2010,ABRP,22,1,22_1,PBH (0 - 2.5),2
2010,ABRP,22,2,22_2,B-C-D (2.6 - 15),1
2010,ABRP,22,2,22_2,E-F-G (15.1 - 30),0
2010,ABRP,22,2,22_2,H-I-J (30.1 - 40+),0
2010,ABRP,22,2,22_2,PBH (0 - 2.5),1
2010,ABRP,22,3,22_3,B-C-D (2.6 - 15),3
2010,ABRP,22,3,22_3,E-F-G (15.1 - 30),0
2010,ABRP,22,3,22_3,H-I-J (30.1 - 40+),0
2010,ABRP,22,3,22_3,PBH (0 - 2.5),1
2010,ABRP,22,4,22_4,B-C-D (2.6 - 15),6
2010,ABRP,22,4,22_4,E-F-G (15.1 - 30),3
2010,ABRP,22,4,22_4,H-I-J (30.1 - 40+),0
2010,ABRP,22,4,22_4,PBH (0 - 2.5),1
2010,ABRP,22,5,22_5,B-C-D (2.6 - 15),0
2010,ABRP,22,5,22_5,E-F-G (15.1 - 30),0
2010,ABRP,22,5,22_5,H-I-J (30.1 - 40+),0
2010,ABRP,22,5,22_5,PBH (0 - 2.5),1
2010,ABRP,40,1,40_1,B-C-D (2.6 - 15),1
2010,ABRP,40,1,40_1,E-F-G (15.1 - 30),0
2010,ABRP,40,1,40_1,H-I-J (30.1 - 40+),0
2010,ABRP,40,1,40_1,PBH (0 - 2.5),1
2010,ABRP,40,2,40_2,B-C-D (2.6 - 15),3
2010,ABRP,40,2,40_2,E-F-G (15.1 - 30),0
2010,ABRP,40,2,40_2,H-I-J (30.1 - 40+),0
2010,ABRP,40,2,40_2,PBH (0 - 2.5),1
2010,ABRP,40,3,40_3,B-C-D (2.6 - 15),37
2010,ABRP,40,3,40_3,E-F-G (15.1 - 30),2
2010,ABRP,40,3,40_3,H-I-J (30.1 - 40+),0
2010,ABRP,40,3,40_3,PBH (0 - 2.5),1
2010,ABRP,40,4,40_4,B-C-D (2.6 - 15),40
2010,ABRP,40,4,40_4,E-F-G (15.1 - 30),0
2010,ABRP,40,4,40_4,H-I-J (30.1 - 40+),0
2010,ABRP,40,4,40_4,PBH (0 - 2.5),1
2010,ABRP,40,5,40_5,B-C-D (2.6 - 15),58
2010,ABRP,40,5,40_5,E-F-G (15.1 - 30),0
2010,ABRP,40,5,40_5,H-I-J (30.1 - 40+),0
2010,ABRP,40,5,40_5,PBH (0 - 2.5),1
2010,ABRP,40,6,40_6,B-C-D (2.6 - 15),54
2010,ABRP,40,6,40_6,E-F-G (15.1 - 30),0
2010,ABRP,40,6,40_6,H-I-J (30.1 - 40+),0
2010,ABRP,40,6,40_6,PBH (0 - 2.5),1
2010,ABRP,40,7,40_7,B-C-D (2.6 - 15),87
2010,ABRP,40,7,40_7,E-F-G (15.1 - 30),0
2010,ABRP,40,7,40_7,H-I-J (30.1 - 40+),0
2010,ABRP,40,7,40_7,PBH (0 - 2.5),1
2010,ABRP,40,8,40_8,B-C-D (2.6 - 15),7
2010,ABRP,40,8,40_8,E-F-G (15.1 - 30),0
2010,ABRP,40,8,40_8,H-I-J (30.1 - 40+),0
2010,ABRP,40,8,40_8,PBH (0 - 2.5),0
2010,ABRP,40,9,40_9,B-C-D (2.6 - 15),46
2010,ABRP,40,9,40_9,E-F-G (15.1 - 30),0
2010,ABRP,40,9,40_9,H-I-J (30.1 - 40+),0
2010,ABRP,40,9,40_9,PBH (0 - 2.5),0
2011,ABRP,5,1,5_1,B-C-D (2.6 - 15),99
2011,ABRP,5,1,5_1,E-F-G (15.1 - 30),10
2011,ABRP,5,1,5_1,H-I-J (30.1 - 40+),3
2011,ABRP,5,1,5_1,PBH (0 - 2.5),8
2011,ABRP,5,2,5_2,B-C-D (2.6 - 15),53
2011,ABRP,5,2,5_2,E-F-G (15.1 - 30),6
2011,ABRP,5,2,5_2,H-I-J (30.1 - 40+),1
2011,ABRP,5,2,5_2,PBH (0 - 2.5),3
2011,ABRP,5,3,5_3,B-C-D (2.6 - 15),13
2011,ABRP,5,3,5_3,E-F-G (15.1 - 30),3
2011,ABRP,5,3,5_3,H-I-J (30.1 - 40+),2
2011,ABRP,5,3,5_3,PBH (0 - 2.5),1
2011,ABRP,5,4,5_4,B-C-D (2.6 - 15),99
2011,ABRP,5,4,5_4,E-F-G (15.1 - 30),1
2011,ABRP,5,4,5_4,H-I-J (30.1 - 40+),1
2011,ABRP,5,4,5_4,PBH (0 - 2.5),2
2011,ABRP,5,5,5_5,B-C-D (2.6 - 15),124
2011,ABRP,5,5,5_5,E-F-G (15.1 - 30),3
2011,ABRP,5,5,5_5,H-I-J (30.1 - 40+),2
2011,ABRP,5,5,5_5,PBH (0 - 2.5),3
2011,ABRP,5,6,5_6,B-C-D (2.6 - 15),82
2011,ABRP,5,6,5_6,E-F-G (15.1 - 30),3
2011,ABRP,5,6,5_6,H-I-J (30.1 - 40+),1
2011,ABRP,5,6,5_6,PBH (0 - 2.5),6
2011,ABRP,12,1,12_1,B-C-D (2.6 - 15),0
2011,ABRP,12,1,12_1,E-F-G (15.1 - 30),0
2011,ABRP,12,1,12_1,H-I-J (30.1 - 40+),1
2011,ABRP,12,1,12_1,PBH (0 - 2.5),1
2011,ABRP,12,2,12_2,B-C-D (2.6 - 15),9
2011,ABRP,12,2,12_2,E-F-G (15.1 - 30),5
2011,ABRP,12,2,12_2,H-I-J (30.1 - 40+),0
2011,ABRP,12,2,12_2,PBH (0 - 2.5),3
2011,ABRP,21,1,21_1,B-C-D (2.6 - 15),3
2011,ABRP,21,1,21_1,E-F-G (15.1 - 30),0
2011,ABRP,21,1,21_1,H-I-J (30.1 - 40+),1
2011,ABRP,21,1,21_1,PBH (0 - 2.5),1
2011,ABRP,21,2,21_2,B-C-D (2.6 - 15),7
2011,ABRP,21,2,21_2,E-F-G (15.1 - 30),9
2011,ABRP,21,2,21_2,H-I-J (30.1 - 40+),2
2011,ABRP,21,2,21_2,PBH (0 - 2.5),0
2011,ABRP,21,3,21_3,B-C-D (2.6 - 15),6
2011,ABRP,21,3,21_3,E-F-G (15.1 - 30),3
2011,ABRP,21,3,21_3,H-I-J (30.1 - 40+),1
2011,ABRP,21,3,21_3,PBH (0 - 2.5),2
2012,ABRP,1,1,1_1,B-C-D (2.6 - 15),22
2012,ABRP,1,1,1_1,E-F-G (15.1 - 30),2
2012,ABRP,1,1,1_1,H-I-J (30.1 - 40+),0
2012,ABRP,1,1,1_1,PBH (0 - 2.5),1
2012,ABRP,1,2,1_2,B-C-D (2.6 - 15),4
2012,ABRP,1,2,1_2,E-F-G (15.1 - 30),0
2012,ABRP,1,2,1_2,H-I-J (30.1 - 40+),0
2012,ABRP,1,2,1_2,PBH (0 - 2.5),1
2012,ABRP,1,3,1_3,B-C-D (2.6 - 15),72
2012,ABRP,1,3,1_3,E-F-G (15.1 - 30),0
2012,ABRP,1,3,1_3,H-I-J (30.1 - 40+),0
2012,ABRP,1,3,1_3,PBH (0 - 2.5),14
2012,ABRP,1,4,1_4,B-C-D (2.6 - 15),118
2012,ABRP,1,4,1_4,E-F-G (15.1 - 30),3
2012,ABRP,1,4,1_4,H-I-J (30.1 - 40+),0
2012,ABRP,1,4,1_4,PBH (0 - 2.5),8
2012,ABRP,1,5,1_5,B-C-D (2.6 - 15),49
2012,ABRP,1,5,1_5,E-F-G (15.1 - 30),1
2012,ABRP,1,5,1_5,H-I-J (30.1 - 40+),0
2012,ABRP,1,5,1_5,PBH (0 - 2.5),2
2012,ABRP,1,6,1_6,B-C-D (2.6 - 15),77
2012,ABRP,1,6,1_6,E-F-G (15.1 - 30),16
2012,ABRP,1,6,1_6,H-I-J (30.1 - 40+),1
2012,ABRP,1,6,1_6,PBH (0 - 2.5),1
2012,ABRP,1,7,1_7,B-C-D (2.6 - 15),69
2012,ABRP,1,7,1_7,E-F-G (15.1 - 30),3
2012,ABRP,1,7,1_7,H-I-J (30.1 - 40+),0
2012,ABRP,1,7,1_7,PBH (0 - 2.5),2
2012,ABRP,1,8,1_8,B-C-D (2.6 - 15),83
2012,ABRP,1,8,1_8,E-F-G (15.1 - 30),1
2012,ABRP,1,8,1_8,H-I-J (30.1 - 40+),0
2012,ABRP,1,8,1_8,PBH (0 - 2.5),1
2012,ABRP,1,9,1_9,B-C-D (2.6 - 15),100
2012,ABRP,1,9,1_9,E-F-G (15.1 - 30),4
2012,ABRP,1,9,1_9,H-I-J (30.1 - 40+),0
2012,ABRP,1,9,1_9,PBH (0 - 2.5),4
2012,ABRP,7,1,7_1,B-C-D (2.6 - 15),49
2012,ABRP,7,1,7_1,E-F-G (15.1 - 30),12
2012,ABRP,7,1,7_1,H-I-J (30.1 - 40+),0
2012,ABRP,7,1,7_1,PBH (0 - 2.5),1
2012,ABRP,7,2,7_2,B-C-D (2.6 - 15),26
2012,ABRP,7,2,7_2,E-F-G (15.1 - 30),8
2012,ABRP,7,2,7_2,H-I-J (30.1 - 40+),0
2012,ABRP,7,2,7_2,PBH (0 - 2.5),1
2012,ABRP,7,3,7_3,B-C-D (2.6 - 15),90
2012,ABRP,7,3,7_3,E-F-G (15.1 - 30),11
2012,ABRP,7,3,7_3,H-I-J (30.1 - 40+),0
2012,ABRP,7,3,7_3,PBH (0 - 2.5),2
2012,ABRP,7,5,7_5,B-C-D (2.6 - 15),74
2012,ABRP,7,5,7_5,E-F-G (15.1 - 30),19
2012,ABRP,7,5,7_5,H-I-J (30.1 - 40+),0
2012,ABRP,7,5,7_5,PBH (0 - 2.5),3
2012,ABRP,7,6,7_6,B-C-D (2.6 - 15),1
2012,ABRP,7,6,7_6,E-F-G (15.1 - 30),1
2012,ABRP,7,6,7_6,H-I-J (30.1 - 40+),0
2012,ABRP,7,6,7_6,PBH (0 - 2.5),2
2012,ABRP,7,7,7_7,B-C-D (2.6 - 15),0
2012,ABRP,7,7,7_7,E-F-G (15.1 - 30),2
2012,ABRP,7,7,7_7,H-I-J (30.1 - 40+),0
2012,ABRP,7,7,7_7,PBH (0 - 2.5),3
2012,ABRP,7,8,7_8,B-C-D (2.6 - 15),9
2012,ABRP,7,8,7_8,E-F-G (15.1 - 30),6
2012,ABRP,7,8,7_8,H-I-J (30.1 - 40+),1
2012,ABRP,7,8,7_8,PBH (0 - 2.5),3
2012,ABRP,22,1,22_1,B-C-D (2.6 - 15),4
2012,ABRP,22,1,22_1,E-F-G (15.1 - 30),0
2012,ABRP,22,1,22_1,H-I-J (30.1 - 40+),0
2012,ABRP,22,1,22_1,PBH (0 - 2.5),2
2012,ABRP,22,2,22_2,B-C-D (2.6 - 15),1
2012,ABRP,22,2,22_2,E-F-G (15.1 - 30),0
2012,ABRP,22,2,22_2,H-I-J (30.1 - 40+),0
2012,ABRP,22,2,22_2,PBH (0 - 2.5),2
2012,ABRP,22,3,22_3,B-C-D (2.6 - 15),3
2012,ABRP,22,3,22_3,E-F-G (15.1 - 30),0
2012,ABRP,22,3,22_3,H-I-J (30.1 - 40+),0
2012,ABRP,22,3,22_3,PBH (0 - 2.5),1
2012,ABRP,22,4,22_4,B-C-D (2.6 - 15),4
2012,ABRP,22,4,22_4,E-F-G (15.1 - 30),3
2012,ABRP,22,4,22_4,H-I-J (30.1 - 40+),0
2012,ABRP,22,4,22_4,PBH (0 - 2.5),3
2012,ABRP,22,5,22_5,B-C-D (2.6 - 15),1
2012,ABRP,22,5,22_5,E-F-G (15.1 - 30),0
2012,ABRP,22,5,22_5,H-I-J (30.1 - 40+),0
2012,ABRP,22,5,22_5,PBH (0 - 2.5),1
2012,ABRP,32,1,32_1,B-C-D (2.6 - 15),156
2012,ABRP,32,1,32_1,E-F-G (15.1 - 30),3
2012,ABRP,32,1,32_1,H-I-J (30.1 - 40+),0
2012,ABRP,32,1,32_1,PBH (0 - 2.5),1
2012,ABRP,32,2,32_2,B-C-D (2.6 - 15),8
2012,ABRP,32,2,32_2,E-F-G (15.1 - 30),0
2012,ABRP,32,2,32_2,H-I-J (30.1 - 40+),0
2012,ABRP,32,2,32_2,PBH (0 - 2.5),1
2012,ABRP,32,3,32_3,B-C-D (2.6 - 15),20
2012,ABRP,32,3,32_3,E-F-G (15.1 - 30),0
2012,ABRP,32,3,32_3,H-I-J (30.1 - 40+),0
2012,ABRP,32,3,32_3,PBH (0 - 2.5),0
2012,ABRP,32,4,32_4,B-C-D (2.6 - 15),41
2012,ABRP,32,4,32_4,E-F-G (15.1 - 30),4
2012,ABRP,32,4,32_4,H-I-J (30.1 - 40+),0
2012,ABRP,32,4,32_4,PBH (0 - 2.5),0
2012,ABRP,32,5,32_5,B-C-D (2.6 - 15),58
2012,ABRP,32,5,32_5,E-F-G (15.1 - 30),2
2012,ABRP,32,5,32_5,H-I-J (30.1 - 40+),0
2012,ABRP,32,5,32_5,PBH (0 - 2.5),0
2012,ABRP,32,6,32_6,B-C-D (2.6 - 15),67
2012,ABRP,32,6,32_6,E-F-G (15.1 - 30),0
2012,ABRP,32,6,32_6,H-I-J (30.1 - 40+),0
2012,ABRP,32,6,32_6,PBH (0 - 2.5),1
2012,ABRP,32,7,32_7,B-C-D (2.6 - 15),8
2012,ABRP,32,7,32_7,E-F-G (15.1 - 30),0
2012,ABRP,32,7,32_7,H-I-J (30.1 - 40+),0
2012,ABRP,32,7,32_7,PBH (0 - 2.5),15
2012,ABRP,32,8,32_8,B-C-D (2.6 - 15),12
2012,ABRP,32,8,32_8,E-F-G (15.1 - 30),0
2012,ABRP,32,8,32_8,H-I-J (30.1 - 40+),0
2012,ABRP,32,8,32_8,PBH (0 - 2.5),6
2012,ABRP,32,9,32_9,B-C-D (2.6 - 15),135
2012,ABRP,32,9,32_9,E-F-G (15.1 - 30),1
2012,ABRP,32,9,32_9,H-I-J (30.1 - 40+),0
2012,ABRP,32,9,32_9,PBH (0 - 2.5),3
2012,ABRP,32,10,32_10,B-C-D (2.6 - 15),13
2012,ABRP,32,10,32_10,E-F-G (15.1 - 30),0
2012,ABRP,32,10,32_10,H-I-J (30.1 - 40+),0
2012,ABRP,32,10,32_10,PBH (0 - 2.5),6
2014,ABRP,1,1,1_1,B-C-D (2.6 - 15),21
2014,ABRP,1,1,1_1,E-F-G (15.1 - 30),2
2014,ABRP,1,1,1_1,H-I-J (30.1 - 40+),0
2014,ABRP,1,1,1_1,PBH (0 - 2.5),35
2014,ABRP,1,2,1_2,B-C-D (2.6 - 15),4
2014,ABRP,1,2,1_2,E-F-G (15.1 - 30),1
2014,ABRP,1,2,1_2,H-I-J (30.1 - 40+),0
2014,ABRP,1,2,1_2,PBH (0 - 2.5),33
2014,ABRP,1,3,1_3,B-C-D (2.6 - 15),72
2014,ABRP,1,3,1_3,E-F-G (15.1 - 30),1
2014,ABRP,1,3,1_3,H-I-J (30.1 - 40+),0
2014,ABRP,1,3,1_3,PBH (0 - 2.5),7
2014,ABRP,1,4,1_4,B-C-D (2.6 - 15),45
2014,ABRP,1,4,1_4,E-F-G (15.1 - 30),3
2014,ABRP,1,4,1_4,H-I-J (30.1 - 40+),0
2014,ABRP,1,4,1_4,PBH (0 - 2.5),3
2014,ABRP,1,5,1_5,B-C-D (2.6 - 15),63
2014,ABRP,1,5,1_5,E-F-G (15.1 - 30),4
2014,ABRP,1,5,1_5,H-I-J (30.1 - 40+),0
2014,ABRP,1,5,1_5,PBH (0 - 2.5),9
2014,ABRP,1,6,1_6,B-C-D (2.6 - 15),59
2014,ABRP,1,6,1_6,E-F-G (15.1 - 30),32
2014,ABRP,1,6,1_6,H-I-J (30.1 - 40+),1
2014,ABRP,1,6,1_6,PBH (0 - 2.5),1
2014,ABRP,1,7,1_7,B-C-D (2.6 - 15),66
2014,ABRP,1,7,1_7,E-F-G (15.1 - 30),3
2014,ABRP,1,7,1_7,H-I-J (30.1 - 40+),0
2014,ABRP,1,7,1_7,PBH (0 - 2.5),7
2014,ABRP,1,8,1_8,B-C-D (2.6 - 15),99
2014,ABRP,1,8,1_8,E-F-G (15.1 - 30),1
2014,ABRP,1,8,1_8,H-I-J (30.1 - 40+),0
2014,ABRP,1,8,1_8,PBH (0 - 2.5),0
2014,ABRP,1,9,1_9,B-C-D (2.6 - 15),97
2014,ABRP,1,9,1_9,E-F-G (15.1 - 30),2
2014,ABRP,1,9,1_9,H-I-J (30.1 - 40+),0
2014,ABRP,1,9,1_9,PBH (0 - 2.5),6
2014,ABRP,7,8,7_8,B-C-D (2.6 - 15),4
2014,ABRP,7,8,7_8,E-F-G (15.1 - 30),9
2014,ABRP,7,8,7_8,H-I-J (30.1 - 40+),1
2014,ABRP,7,8,7_8,PBH (0 - 2.5),301
2014,ABRP,22,1,22_1,B-C-D (2.6 - 15),8
2014,ABRP,22,1,22_1,E-F-G (15.1 - 30),0
2014,ABRP,22,1,22_1,H-I-J (30.1 - 40+),0
2014,ABRP,22,1,22_1,PBH (0 - 2.5),38
2014,ABRP,22,2,22_2,B-C-D (2.6 - 15),3
2014,ABRP,22,2,22_2,E-F-G (15.1 - 30),0
2014,ABRP,22,2,22_2,H-I-J (30.1 - 40+),0
2014,ABRP,22,2,22_2,PBH (0 - 2.5),60
2014,ABRP,22,3,22_3,B-C-D (2.6 - 15),4
2014,ABRP,22,3,22_3,E-F-G (15.1 - 30),0
2014,ABRP,22,3,22_3,H-I-J (30.1 - 40+),0
2014,ABRP,22,3,22_3,PBH (0 - 2.5),72
2014,ABRP,22,4,22_4,B-C-D (2.6 - 15),2
2014,ABRP,22,4,22_4,E-F-G (15.1 - 30),0
2014,ABRP,22,4,22_4,H-I-J (30.1 - 40+),0
2014,ABRP,22,4,22_4,PBH (0 - 2.5),55
2014,ABRP,22,5,22_5,B-C-D (2.6 - 15),7
2014,ABRP,22,5,22_5,E-F-G (15.1 - 30),0
2014,ABRP,22,5,22_5,H-I-J (30.1 - 40+),2
2014,ABRP,22,5,22_5,PBH (0 - 2.5),130
2015,ABRP,5,1,5_1,B-C-D (2.6 - 15),102
2015,ABRP,5,1,5_1,E-F-G (15.1 - 30),12
2015,ABRP,5,1,5_1,H-I-J (30.1 - 40+),4
2015,ABRP,5,1,5_1,PBH (0 - 2.5),16
2015,ABRP,5,2,5_2,B-C-D (2.6 - 15),68
2015,ABRP,5,2,5_2,E-F-G (15.1 - 30),6
2015,ABRP,5,2,5_2,H-I-J (30.1 - 40+),1
2015,ABRP,5,2,5_2,PBH (0 - 2.5),16
2015,ABRP,5,3,5_3,B-C-D (2.6 - 15),18
2015,ABRP,5,3,5_3,E-F-G (15.1 - 30),2
2015,ABRP,5,3,5_3,H-I-J (30.1 - 40+),3
2015,ABRP,5,3,5_3,PBH (0 - 2.5),2
2015,ABRP,5,4,5_4,B-C-D (2.6 - 15),101
2015,ABRP,5,4,5_4,E-F-G (15.1 - 30),2
2015,ABRP,5,4,5_4,H-I-J (30.1 - 40+),1
2015,ABRP,5,4,5_4,PBH (0 - 2.5),2
2015,ABRP,5,5,5_5,B-C-D (2.6 - 15),141
2015,ABRP,5,5,5_5,E-F-G (15.1 - 30),3
2015,ABRP,5,5,5_5,H-I-J (30.1 - 40+),3
2015,ABRP,5,5,5_5,PBH (0 - 2.5),38
2015,ABRP,5,6,5_6,B-C-D (2.6 - 15),90
2015,ABRP,5,6,5_6,E-F-G (15.1 - 30),4
2015,ABRP,5,6,5_6,H-I-J (30.1 - 40+),1
2015,ABRP,5,6,5_6,PBH (0 - 2.5),35
2015,ABRP,7,1,7_1,B-C-D (2.6 - 15),44
2015,ABRP,7,1,7_1,E-F-G (15.1 - 30),26
2015,ABRP,7,1,7_1,H-I-J (30.1 - 40+),0
2015,ABRP,7,1,7_1,PBH (0 - 2.5),3
2015,ABRP,7,2,7_2,B-C-D (2.6 - 15),21
2015,ABRP,7,2,7_2,E-F-G (15.1 - 30),14
2015,ABRP,7,2,7_2,H-I-J (30.1 - 40+),0
2015,ABRP,7,2,7_2,PBH (0 - 2.5),13
2015,ABRP,7,3,7_3,B-C-D (2.6 - 15),75
2015,ABRP,7,3,7_3,E-F-G (15.1 - 30),20
2015,ABRP,7,3,7_3,H-I-J (30.1 - 40+),0
2015,ABRP,7,3,7_3,PBH (0 - 2.5),13
2015,ABRP,7,4,7_4,B-C-D (2.6 - 15),2
2015,ABRP,7,4,7_4,E-F-G (15.1 - 30),2
2015,ABRP,7,4,7_4,H-I-J (30.1 - 40+),0
2015,ABRP,7,4,7_4,PBH (0 - 2.5),6
2015,ABRP,7,5,7_5,B-C-D (2.6 - 15),62
2015,ABRP,7,5,7_5,E-F-G (15.1 - 30),28
2015,ABRP,7,5,7_5,H-I-J (30.1 - 40+),0
2015,ABRP,7,5,7_5,PBH (0 - 2.5),9
2015,ABRP,7,6,7_6,B-C-D (2.6 - 15),1
2015,ABRP,7,6,7_6,E-F-G (15.1 - 30),1
2015,ABRP,7,6,7_6,H-I-J (30.1 - 40+),0
2015,ABRP,7,6,7_6,PBH (0 - 2.5),21
2015,ABRP,7,7,7_7,B-C-D (2.6 - 15),0
2015,ABRP,7,7,7_7,E-F-G (15.1 - 30),2
2015,ABRP,7,7,7_7,H-I-J (30.1 - 40+),0
2015,ABRP,7,7,7_7,PBH (0 - 2.5),296
2015,ABRP,12,1,12_1,B-C-D (2.6 - 15),0
2015,ABRP,12,1,12_1,E-F-G (15.1 - 30),0
2015,ABRP,12,1,12_1,H-I-J (30.1 - 40+),1
2015,ABRP,12,1,12_1,PBH (0 - 2.5),10
2015,ABRP,12,2,12_2,B-C-D (2.6 - 15),10
2015,ABRP,12,2,12_2,E-F-G (15.1 - 30),4
2015,ABRP,12,2,12_2,H-I-J (30.1 - 40+),0
2015,ABRP,12,2,12_2,PBH (0 - 2.5),54
2015,ABRP,13,1,13_1,B-C-D (2.6 - 15),0
2015,ABRP,13,1,13_1,E-F-G (15.1 - 30),0
2015,ABRP,13,1,13_1,H-I-J (30.1 - 40+),0
2015,ABRP,13,1,13_1,PBH (0 - 2.5),13
2015,ABRP,15,1,15_1,B-C-D (2.6 - 15),2
2015,ABRP,15,1,15_1,E-F-G (15.1 - 30),5
2015,ABRP,15,1,15_1,H-I-J (30.1 - 40+),10
2015,ABRP,15,1,15_1,PBH (0 - 2.5),16
2016,ABRP,22,1,22_1,B-C-D (2.6 - 15),9
2016,ABRP,22,1,22_1,E-F-G (15.1 - 30),0
2016,ABRP,22,1,22_1,H-I-J (30.1 - 40+),0
2016,ABRP,22,1,22_1,PBH (0 - 2.5),34
2016,ABRP,22,2,22_2,B-C-D (2.6 - 15),3
2016,ABRP,22,2,22_2,E-F-G (15.1 - 30),0
2016,ABRP,22,2,22_2,H-I-J (30.1 - 40+),0
2016,ABRP,22,2,22_2,PBH (0 - 2.5),30
2016,ABRP,22,3,22_3,B-C-D (2.6 - 15),5
2016,ABRP,22,3,22_3,E-F-G (15.1 - 30),0
2016,ABRP,22,3,22_3,H-I-J (30.1 - 40+),0
2016,ABRP,22,3,22_3,PBH (0 - 2.5),30
2016,ABRP,22,4,22_4,B-C-D (2.6 - 15),9
2016,ABRP,22,4,22_4,E-F-G (15.1 - 30),2
2016,ABRP,22,4,22_4,H-I-J (30.1 - 40+),2
2016,ABRP,22,4,22_4,PBH (0 - 2.5),75
2016,ABRP,22,5,22_5,B-C-D (2.6 - 15),2
2016,ABRP,22,5,22_5,E-F-G (15.1 - 30),0
2016,ABRP,22,5,22_5,H-I-J (30.1 - 40+),0
2016,ABRP,22,5,22_5,PBH (0 - 2.5),15
2016,ABRP,40,1,40_1,B-C-D (2.6 - 15),1
2016,ABRP,40,1,40_1,E-F-G (15.1 - 30),0
2016,ABRP,40,1,40_1,H-I-J (30.1 - 40+),0
2016,ABRP,40,1,40_1,PBH (0 - 2.5),13
2016,ABRP,40,2,40_2,B-C-D (2.6 - 15),0
2016,ABRP,40,2,40_2,E-F-G (15.1 - 30),0
2016,ABRP,40,2,40_2,H-I-J (30.1 - 40+),0
2016,ABRP,40,2,40_2,PBH (0 - 2.5),8
2016,ABRP,40,3,40_3,B-C-D (2.6 - 15),23
2016,ABRP,40,3,40_3,E-F-G (15.1 - 30),4
2016,ABRP,40,3,40_3,H-I-J (30.1 - 40+),0
2016,ABRP,40,3,40_3,PBH (0 - 2.5),1
2016,ABRP,40,4,40_4,B-C-D (2.6 - 15),40
2016,ABRP,40,4,40_4,E-F-G (15.1 - 30),0
2016,ABRP,40,4,40_4,H-I-J (30.1 - 40+),0
2016,ABRP,40,4,40_4,PBH (0 - 2.5),1
2016,ABRP,40,5,40_5,B-C-D (2.6 - 15),45
2016,ABRP,40,5,40_5,E-F-G (15.1 - 30),1
2016,ABRP,40,5,40_5,H-I-J (30.1 - 40+),0
2016,ABRP,40,5,40_5,PBH (0 - 2.5),2
2016,ABRP,40,6,40_6,B-C-D (2.6 - 15),42
2016,ABRP,40,6,40_6,E-F-G (15.1 - 30),5
2016,ABRP,40,6,40_6,H-I-J (30.1 - 40+),0
2016,ABRP,40,6,40_6,PBH (0 - 2.5),0
2016,ABRP,40,7,40_7,B-C-D (2.6 - 15),68
2016,ABRP,40,7,40_7,E-F-G (15.1 - 30),1
2016,ABRP,40,7,40_7,H-I-J (30.1 - 40+),0
2016,ABRP,40,7,40_7,PBH (0 - 2.5),0
2016,ABRP,40,8,40_8,B-C-D (2.6 - 15),5
2016,ABRP,40,8,40_8,E-F-G (15.1 - 30),1
2016,ABRP,40,8,40_8,H-I-J (30.1 - 40+),0
2016,ABRP,40,8,40_8,PBH (0 - 2.5),7
2016,ABRP,40,9,40_9,B-C-D (2.6 - 15),44
2016,ABRP,40,9,40_9,E-F-G (15.1 - 30),0
2016,ABRP,40,9,40_9,H-I-J (30.1 - 40+),0
2016,ABRP,40,9,40_9,PBH (0 - 2.5),2
2017,ABRP,1,1,1_1,B-C-D (2.6 - 15),21
2017,ABRP,1,1,1_1,E-F-G (15.1 - 30),2
2017,ABRP,1,1,1_1,H-I-J (30.1 - 40+),0
2017,ABRP,1,1,1_1,PBH (0 - 2.5),153
2017,ABRP,1,2,1_2,B-C-D (2.6 - 15),3
2017,ABRP,1,2,1_2,E-F-G (15.1 - 30),0
2017,ABRP,1,2,1_2,H-I-J (30.1 - 40+),0
2017,ABRP,1,2,1_2,PBH (0 - 2.5),156
2017,ABRP,1,3,1_3,B-C-D (2.6 - 15),71
2017,ABRP,1,3,1_3,E-F-G (15.1 - 30),1
2017,ABRP,1,3,1_3,H-I-J (30.1 - 40+),0
2017,ABRP,1,3,1_3,PBH (0 - 2.5),2
2017,ABRP,1,4,1_4,B-C-D (2.6 - 15),99
2017,ABRP,1,4,1_4,E-F-G (15.1 - 30),4
2017,ABRP,1,4,1_4,H-I-J (30.1 - 40+),0
2017,ABRP,1,4,1_4,PBH (0 - 2.5),1
2017,ABRP,1,5,1_5,B-C-D (2.6 - 15),50
2017,ABRP,1,5,1_5,E-F-G (15.1 - 30),2
2017,ABRP,1,5,1_5,H-I-J (30.1 - 40+),0
2017,ABRP,1,5,1_5,PBH (0 - 2.5),2
2017,ABRP,1,6,1_6,B-C-D (2.6 - 15),33
2017,ABRP,1,6,1_6,E-F-G (15.1 - 30),52
2017,ABRP,1,6,1_6,H-I-J (30.1 - 40+),1
2017,ABRP,1,6,1_6,PBH (0 - 2.5),1
2017,ABRP,1,7,1_7,B-C-D (2.6 - 15),65
2017,ABRP,1,7,1_7,E-F-G (15.1 - 30),6
2017,ABRP,1,7,1_7,H-I-J (30.1 - 40+),0
2017,ABRP,1,7,1_7,PBH (0 - 2.5),5
2017,ABRP,1,8,1_8,B-C-D (2.6 - 15),101
2017,ABRP,1,8,1_8,E-F-G (15.1 - 30),2
2017,ABRP,1,8,1_8,H-I-J (30.1 - 40+),0
2017,ABRP,1,8,1_8,PBH (0 - 2.5),0
2017,ABRP,1,9,1_9,B-C-D (2.6 - 15),92
2017,ABRP,1,9,1_9,E-F-G (15.1 - 30),3
2017,ABRP,1,9,1_9,H-I-J (30.1 - 40+),0
2017,ABRP,1,9,1_9,PBH (0 - 2.5),4
2017,ABRP,5,1,5_1,B-C-D (2.6 - 15),110
2017,ABRP,5,1,5_1,E-F-G (15.1 - 30),11
2017,ABRP,5,1,5_1,H-I-J (30.1 - 40+),4
2017,ABRP,5,1,5_1,PBH (0 - 2.5),10
2017,ABRP,5,2,5_2,B-C-D (2.6 - 15),81
2017,ABRP,5,2,5_2,E-F-G (15.1 - 30),5
2017,ABRP,5,2,5_2,H-I-J (30.1 - 40+),2
2017,ABRP,5,2,5_2,PBH (0 - 2.5),13
2017,ABRP,5,3,5_3,B-C-D (2.6 - 15),17
2017,ABRP,5,3,5_3,E-F-G (15.1 - 30),2
2017,ABRP,5,3,5_3,H-I-J (30.1 - 40+),3
2017,ABRP,5,3,5_3,PBH (0 - 2.5),0
2017,ABRP,5,4,5_4,B-C-D (2.6 - 15),90
2017,ABRP,5,4,5_4,E-F-G (15.1 - 30),1
2017,ABRP,5,4,5_4,H-I-J (30.1 - 40+),1
2017,ABRP,5,4,5_4,PBH (0 - 2.5),1
2017,ABRP,5,5,5_5,B-C-D (2.6 - 15),148
2017,ABRP,5,5,5_5,E-F-G (15.1 - 30),5
2017,ABRP,5,5,5_5,H-I-J (30.1 - 40+),3
2017,ABRP,5,5,5_5,PBH (0 - 2.5),22
2017,ABRP,5,6,5_6,B-C-D (2.6 - 15),103
2017,ABRP,5,6,5_6,E-F-G (15.1 - 30),3
2017,ABRP,5,6,5_6,H-I-J (30.1 - 40+),1
2017,ABRP,5,6,5_6,PBH (0 - 2.5),23
2017,ABRP,7,1,7_1,B-C-D (2.6 - 15),30
2017,ABRP,7,1,7_1,E-F-G (15.1 - 30),27
2017,ABRP,7,1,7_1,H-I-J (30.1 - 40+),0
2017,ABRP,7,1,7_1,PBH (0 - 2.5),14
2017,ABRP,7,2,7_2,B-C-D (2.6 - 15),19
2017,ABRP,7,2,7_2,E-F-G (15.1 - 30),14
2017,ABRP,7,2,7_2,H-I-J (30.1 - 40+),0
2017,ABRP,7,2,7_2,PBH (0 - 2.5),21
2017,ABRP,7,3,7_3,B-C-D (2.6 - 15),83
2017,ABRP,7,3,7_3,E-F-G (15.1 - 30),20
2017,ABRP,7,3,7_3,H-I-J (30.1 - 40+),0
2017,ABRP,7,3,7_3,PBH (0 - 2.5),19
2017,ABRP,7,4,7_4,B-C-D (2.6 - 15),1
2017,ABRP,7,4,7_4,E-F-G (15.1 - 30),2
2017,ABRP,7,4,7_4,H-I-J (30.1 - 40+),0
2017,ABRP,7,4,7_4,PBH (0 - 2.5),5
2017,ABRP,7,5,7_5,B-C-D (2.6 - 15),53
2017,ABRP,7,5,7_5,E-F-G (15.1 - 30),25
2017,ABRP,7,5,7_5,H-I-J (30.1 - 40+),0
2017,ABRP,7,5,7_5,PBH (0 - 2.5),12
2017,ABRP,7,6,7_6,B-C-D (2.6 - 15),3
2017,ABRP,7,6,7_6,E-F-G (15.1 - 30),0
2017,ABRP,7,6,7_6,H-I-J (30.1 - 40+),0
2017,ABRP,7,6,7_6,PBH (0 - 2.5),19
2017,ABRP,7,7,7_7,B-C-D (2.6 - 15),42
2017,ABRP,7,7,7_7,E-F-G (15.1 - 30),2
2017,ABRP,7,7,7_7,H-I-J (30.1 - 40+),0
2017,ABRP,7,7,7_7,PBH (0 - 2.5),431
2017,ABRP,7,8,7_8,B-C-D (2.6 - 15),21
2017,ABRP,7,8,7_8,E-F-G (15.1 - 30),10
2017,ABRP,7,8,7_8,H-I-J (30.1 - 40+),0
2017,ABRP,7,8,7_8,PBH (0 - 2.5),512
2017,ABRP,21,1,21_1,B-C-D (2.6 - 15),4
2017,ABRP,21,1,21_1,E-F-G (15.1 - 30),0
2017,ABRP,21,1,21_1,H-I-J (30.1 - 40+),1
2017,ABRP,21,1,21_1,PBH (0 - 2.5),2
2017,ABRP,21,2,21_2,B-C-D (2.6 - 15),9
2017,ABRP,21,2,21_2,E-F-G (15.1 - 30),9
2017,ABRP,21,2,21_2,H-I-J (30.1 - 40+),2
2017,ABRP,21,2,21_2,PBH (0 - 2.5),1
2017,ABRP,21,3,21_3,B-C-D (2.6 - 15),8
2017,ABRP,21,3,21_3,E-F-G (15.1 - 30),2
2017,ABRP,21,3,21_3,H-I-J (30.1 - 40+),8
2017,ABRP,21,3,21_3,PBH (0 - 2.5),3
2018,ABRP,15,1,15_1,B-C-D (2.6 - 15),2
2018,ABRP,15,1,15_1,E-F-G (15.1 - 30),4
2018,ABRP,15,1,15_1,H-I-J (30.1 - 40+),6
2018,ABRP,15,1,15_1,PBH (0 - 2.5),379
2018,ABRP,22,1,22_1,B-C-D (2.6 - 15),9
2018,ABRP,22,1,22_1,E-F-G (15.1 - 30),0
2018,ABRP,22,1,22_1,H-I-J (30.1 - 40+),0
2018,ABRP,22,1,22_1,PBH (0 - 2.5),41
2018,ABRP,22,2,22_2,B-C-D (2.6 - 15),4
2018,ABRP,22,2,22_2,E-F-G (15.1 - 30),0
2018,ABRP,22,2,22_2,H-I-J (30.1 - 40+),0
2018,ABRP,22,2,22_2,PBH (0 - 2.5),32
2018,ABRP,22,3,22_3,B-C-D (2.6 - 15),2
2018,ABRP,22,3,22_3,E-F-G (15.1 - 30),0
2018,ABRP,22,3,22_3,H-I-J (30.1 - 40+),0
2018,ABRP,22,3,22_3,PBH (0 - 2.5),44
2018,ABRP,22,4,22_4,B-C-D (2.6 - 15),9
2018,ABRP,22,4,22_4,E-F-G (15.1 - 30),4
2018,ABRP,22,4,22_4,H-I-J (30.1 - 40+),2
2018,ABRP,22,4,22_4,PBH (0 - 2.5),84
2018,ABRP,22,5,22_5,B-C-D (2.6 - 15),1
2018,ABRP,22,5,22_5,E-F-G (15.1 - 30),0
2018,ABRP,22,5,22_5,H-I-J (30.1 - 40+),0
2018,ABRP,22,5,22_5,PBH (0 - 2.5),19
2018,ABRP,32,1,32_1,B-C-D (2.6 - 15),118
2018,ABRP,32,1,32_1,E-F-G (15.1 - 30),14
2018,ABRP,32,1,32_1,H-I-J (30.1 - 40+),0
2018,ABRP,32,1,32_1,PBH (0 - 2.5),1
2018,ABRP,32,2,32_2,B-C-D (2.6 - 15),9
2018,ABRP,32,2,32_2,E-F-G (15.1 - 30),0
2018,ABRP,32,2,32_2,H-I-J (30.1 - 40+),0
2018,ABRP,32,2,32_2,PBH (0 - 2.5),13
2018,ABRP,32,3,32_3,B-C-D (2.6 - 15),13
2018,ABRP,32,3,32_3,E-F-G (15.1 - 30),3
2018,ABRP,32,3,32_3,H-I-J (30.1 - 40+),0
2018,ABRP,32,3,32_3,PBH (0 - 2.5),5
2018,ABRP,32,4,32_4,B-C-D (2.6 - 15),37
2018,ABRP,32,4,32_4,E-F-G (15.1 - 30),10
2018,ABRP,32,4,32_4,H-I-J (30.1 - 40+),0
2018,ABRP,32,4,32_4,PBH (0 - 2.5),10
2018,ABRP,32,5,32_5,B-C-D (2.6 - 15),52
2018,ABRP,32,5,32_5,E-F-G (15.1 - 30),8
2018,ABRP,32,5,32_5,H-I-J (30.1 - 40+),0
2018,ABRP,32,5,32_5,PBH (0 - 2.5),10
2018,ABRP,32,6,32_6,B-C-D (2.6 - 15),62
2018,ABRP,32,6,32_6,E-F-G (15.1 - 30),3
2018,ABRP,32,6,32_6,H-I-J (30.1 - 40+),0
2018,ABRP,32,6,32_6,PBH (0 - 2.5),2
2018,ABRP,32,7,32_7,B-C-D (2.6 - 15),17
2018,ABRP,32,7,32_7,E-F-G (15.1 - 30),0
2018,ABRP,32,7,32_7,H-I-J (30.1 - 40+),0
2018,ABRP,32,7,32_7,PBH (0 - 2.5),61
2018,ABRP,32,8,32_8,B-C-D (2.6 - 15),18
2018,ABRP,32,8,32_8,E-F-G (15.1 - 30),0
2018,ABRP,32,8,32_8,H-I-J (30.1 - 40+),0
2018,ABRP,32,8,32_8,PBH (0 - 2.5),15
2018,ABRP,32,9,32_9,B-C-D (2.6 - 15),120
2018,ABRP,32,9,32_9,E-F-G (15.1 - 30),2
2018,ABRP,32,9,32_9,H-I-J (30.1 - 40+),0
2018,ABRP,32,9,32_9,PBH (0 - 2.5),2
2018,ABRP,32,10,32_10,B-C-D (2.6 - 15),15
2018,ABRP,32,10,32_10,E-F-G (15.1 - 30),0
2018,ABRP,32,10,32_10,H-I-J (30.1 - 40+),0
2018,ABRP,32,10,32_10,PBH (0 - 2.5),18
2018,ABRP,32,11,32_11,B-C-D (2.6 - 15),26
2018,ABRP,32,11,32_11,E-F-G (15.1 - 30),0
2018,ABRP,32,11,32_11,H-I-J (30.1 - 40+),0
2018,ABRP,32,11,32_11,PBH (0 - 2.5),9
2018,ABRP,40,1,40_1,B-C-D (2.6 - 15),0
2018,ABRP,40,1,40_1,E-F-G (15.1 - 30),0
2018,ABRP,40,1,40_1,H-I-J (30.1 - 40+),0
2018,ABRP,40,1,40_1,PBH (0 - 2.5),13
2018,ABRP,40,2,40_2,B-C-D (2.6 - 15),2
2018,ABRP,40,2,40_2,E-F-G (15.1 - 30),0
2018,ABRP,40,2,40_2,H-I-J (30.1 - 40+),0
2018,ABRP,40,2,40_2,PBH (0 - 2.5),12
2018,ABRP,40,3,40_3,B-C-D (2.6 - 15),25
2018,ABRP,40,3,40_3,E-F-G (15.1 - 30),1
2018,ABRP,40,3,40_3,H-I-J (30.1 - 40+),0
2018,ABRP,40,3,40_3,PBH (0 - 2.5),1
2018,ABRP,40,4,40_4,B-C-D (2.6 - 15),39
2018,ABRP,40,4,40_4,E-F-G (15.1 - 30),0
2018,ABRP,40,4,40_4,H-I-J (30.1 - 40+),0
2018,ABRP,40,4,40_4,PBH (0 - 2.5),1
2018,ABRP,40,5,40_5,B-C-D (2.6 - 15),41
2018,ABRP,40,5,40_5,E-F-G (15.1 - 30),2
2018,ABRP,40,5,40_5,H-I-J (30.1 - 40+),0
2018,ABRP,40,5,40_5,PBH (0 - 2.5),0
2018,ABRP,40,6,40_6,B-C-D (2.6 - 15),41
2018,ABRP,40,6,40_6,E-F-G (15.1 - 30),5
2018,ABRP,40,6,40_6,H-I-J (30.1 - 40+),0
2018,ABRP,40,6,40_6,PBH (0 - 2.5),0
2018,ABRP,40,7,40_7,B-C-D (2.6 - 15),67
2018,ABRP,40,7,40_7,E-F-G (15.1 - 30),1
2018,ABRP,40,7,40_7,H-I-J (30.1 - 40+),0
2018,ABRP,40,7,40_7,PBH (0 - 2.5),0
2018,ABRP,40,8,40_8,B-C-D (2.6 - 15),5
2018,ABRP,40,8,40_8,E-F-G (15.1 - 30),1
2018,ABRP,40,8,40_8,H-I-J (30.1 - 40+),0
2018,ABRP,40,8,40_8,PBH (0 - 2.5),7
2018,ABRP,40,9,40_9,B-C-D (2.6 - 15),42
2018,ABRP,40,9,40_9,E-F-G (15.1 - 30),1
2018,ABRP,40,9,40_9,H-I-J (30.1 - 40+),0
2018,ABRP,40,9,40_9,PBH (0 - 2.5),2
2019,ABRP,5,1,5_1,B-C-D (2.6 - 15),105
2019,ABRP,5,1,5_1,E-F-G (15.1 - 30),16
2019,ABRP,5,1,5_1,H-I-J (30.1 - 40+),4
2019,ABRP,5,1,5_1,PBH (0 - 2.5),6
2019,ABRP,5,2,5_2,B-C-D (2.6 - 15),81
2019,ABRP,5,2,5_2,E-F-G (15.1 - 30),3
2019,ABRP,5,2,5_2,H-I-J (30.1 - 40+),3
2019,ABRP,5,2,5_2,PBH (0 - 2.5),8
2019,ABRP,5,3,5_3,B-C-D (2.6 - 15),16
2019,ABRP,5,3,5_3,E-F-G (15.1 - 30),2
2019,ABRP,5,3,5_3,H-I-J (30.1 - 40+),2
2019,ABRP,5,3,5_3,PBH (0 - 2.5),0
2019,ABRP,5,4,5_4,B-C-D (2.6 - 15),94
2019,ABRP,5,4,5_4,E-F-G (15.1 - 30),3
2019,ABRP,5,4,5_4,H-I-J (30.1 - 40+),0
2019,ABRP,5,4,5_4,PBH (0 - 2.5),0
2019,ABRP,5,5,5_5,B-C-D (2.6 - 15),138
2019,ABRP,5,5,5_5,E-F-G (15.1 - 30),4
2019,ABRP,5,5,5_5,H-I-J (30.1 - 40+),3
2019,ABRP,5,5,5_5,PBH (0 - 2.5),11
2019,ABRP,5,6,5_6,B-C-D (2.6 - 15),97
2019,ABRP,5,6,5_6,E-F-G (15.1 - 30),3
2019,ABRP,5,6,5_6,H-I-J (30.1 - 40+),1
2019,ABRP,5,6,5_6,PBH (0 - 2.5),16
2019,ABRP,7,1,7_1,B-C-D (2.6 - 15),24
2019,ABRP,7,1,7_1,E-F-G (15.1 - 30),35
2019,ABRP,7,1,7_1,H-I-J (30.1 - 40+),0
2019,ABRP,7,1,7_1,PBH (0 - 2.5),6
2019,ABRP,7,2,7_2,B-C-D (2.6 - 15),19
2019,ABRP,7,2,7_2,E-F-G (15.1 - 30),14
2019,ABRP,7,2,7_2,H-I-J (30.1 - 40+),0
2019,ABRP,7,2,7_2,PBH (0 - 2.5),7
2019,ABRP,7,3,7_3,B-C-D (2.6 - 15),66
2019,ABRP,7,3,7_3,E-F-G (15.1 - 30),40
2019,ABRP,7,3,7_3,H-I-J (30.1 - 40+),0
2019,ABRP,7,3,7_3,PBH (0 - 2.5),4
2019,ABRP,7,4,7_4,B-C-D (2.6 - 15),0
2019,ABRP,7,4,7_4,E-F-G (15.1 - 30),3
2019,ABRP,7,4,7_4,H-I-J (30.1 - 40+),0
2019,ABRP,7,4,7_4,PBH (0 - 2.5),6
2019,ABRP,7,5,7_5,B-C-D (2.6 - 15),46
2019,ABRP,7,5,7_5,E-F-G (15.1 - 30),42
2019,ABRP,7,5,7_5,H-I-J (30.1 - 40+),0
2019,ABRP,7,5,7_5,PBH (0 - 2.5),6
2019,ABRP,7,6,7_6,B-C-D (2.6 - 15),9
2019,ABRP,7,6,7_6,E-F-G (15.1 - 30),0
2019,ABRP,7,6,7_6,H-I-J (30.1 - 40+),0
2019,ABRP,7,6,7_6,PBH (0 - 2.5),28
2019,ABRP,7,7,7_7,B-C-D (2.6 - 15),170
2019,ABRP,7,7,7_7,E-F-G (15.1 - 30),2
2019,ABRP,7,7,7_7,H-I-J (30.1 - 40+),0
2019,ABRP,7,7,7_7,PBH (0 - 2.5),323
2019,ABRP,7,8,7_8,B-C-D (2.6 - 15),123
2019,ABRP,7,8,7_8,E-F-G (15.1 - 30),9
2019,ABRP,7,8,7_8,H-I-J (30.1 - 40+),0
2019,ABRP,7,8,7_8,PBH (0 - 2.5),369
2019,ABRP,12,1,12_1,B-C-D (2.6 - 15),17
2019,ABRP,12,1,12_1,E-F-G (15.1 - 30),0
2019,ABRP,12,1,12_1,H-I-J (30.1 - 40+),1
2019,ABRP,12,1,12_1,PBH (0 - 2.5),35
2019,ABRP,12,2,12_2,B-C-D (2.6 - 15),12
2019,ABRP,12,2,12_2,E-F-G (15.1 - 30),4
2019,ABRP,12,2,12_2,H-I-J (30.1 - 40+),0
2019,ABRP,12,2,12_2,PBH (0 - 2.5),44
2019,ABRP,13,1,13_1,B-C-D (2.6 - 15),3
2019,ABRP,13,1,13_1,E-F-G (15.1 - 30),0
2019,ABRP,13,1,13_1,H-I-J (30.1 - 40+),0
2019,ABRP,13,1,13_1,PBH (0 - 2.5),25
2019,ABRP,21,1,21_1,B-C-D (2.6 - 15),3
2019,ABRP,21,1,21_1,E-F-G (15.1 - 30),1
2019,ABRP,21,1,21_1,H-I-J (30.1 - 40+),1
2019,ABRP,21,1,21_1,PBH (0 - 2.5),2
2019,ABRP,21,2,21_2,B-C-D (2.6 - 15),7
2019,ABRP,21,2,21_2,E-F-G (15.1 - 30),10
2019,ABRP,21,2,21_2,H-I-J (30.1 - 40+),1
2019,ABRP,21,2,21_2,PBH (0 - 2.5),1
2019,ABRP,21,3,21_3,B-C-D (2.6 - 15),7
2019,ABRP,21,3,21_3,E-F-G (15.1 - 30),3
2019,ABRP,21,3,21_3,H-I-J (30.1 - 40+),2
2019,ABRP,21,3,21_3,PBH (0 - 2.5),2
2020,ABRP,7,1,7_1,B-C-D (2.6 - 15),23
2020,ABRP,7,1,7_1,E-F-G (15.1 - 30),33
2020,ABRP,7,1,7_1,H-I-J (30.1 - 40+),0
2020,ABRP,7,1,7_1,PBH (0 - 2.5),12
2020,ABRP,7,2,7_2,B-C-D (2.6 - 15),21
2020,ABRP,7,2,7_2,E-F-G (15.1 - 30),7
2020,ABRP,7,2,7_2,H-I-J (30.1 - 40+),0
2020,ABRP,7,2,7_2,PBH (0 - 2.5),13
2020,ABRP,7,3,7_3,B-C-D (2.6 - 15),63
2020,ABRP,7,3,7_3,E-F-G (15.1 - 30),21
2020,ABRP,7,3,7_3,H-I-J (30.1 - 40+),0
2020,ABRP,7,3,7_3,PBH (0 - 2.5),6
2020,ABRP,7,4,7_4,B-C-D (2.6 - 15),0
2020,ABRP,7,4,7_4,E-F-G (15.1 - 30),2
2020,ABRP,7,4,7_4,H-I-J (30.1 - 40+),0
2020,ABRP,7,4,7_4,PBH (0 - 2.5),3
2020,ABRP,7,5,7_5,B-C-D (2.6 - 15),38
2020,ABRP,7,5,7_5,E-F-G (15.1 - 30),25
2020,ABRP,7,5,7_5,H-I-J (30.1 - 40+),0
2020,ABRP,7,5,7_5,PBH (0 - 2.5),4
2020,ABRP,7,6,7_6,B-C-D (2.6 - 15),1
2020,ABRP,7,6,7_6,E-F-G (15.1 - 30),0
2020,ABRP,7,6,7_6,H-I-J (30.1 - 40+),0
2020,ABRP,7,6,7_6,PBH (0 - 2.5),9
2020,ABRP,7,7,7_7,B-C-D (2.6 - 15),84
2020,ABRP,7,7,7_7,E-F-G (15.1 - 30),2
2020,ABRP,7,7,7_7,H-I-J (30.1 - 40+),0
2020,ABRP,7,7,7_7,PBH (0 - 2.5),217
2020,ABRP,7,8,7_8,B-C-D (2.6 - 15),52
2020,ABRP,7,8,7_8,E-F-G (15.1 - 30),8
2020,ABRP,7,8,7_8,H-I-J (30.1 - 40+),0
2020,ABRP,7,8,7_8,PBH (0 - 2.5),190
2020,ABRP,15,1,15_1,B-C-D (2.6 - 15),1
2020,ABRP,15,1,15_1,E-F-G (15.1 - 30),3
2020,ABRP,15,1,15_1,H-I-J (30.1 - 40+),7
2020,ABRP,15,1,15_1,PBH (0 - 2.5),2
2020,ABRP,22,1,22_1,B-C-D (2.6 - 15),8
2020,ABRP,22,1,22_1,E-F-G (15.1 - 30),0
2020,ABRP,22,1,22_1,H-I-J (30.1 - 40+),0
2020,ABRP,22,1,22_1,PBH (0 - 2.5),15
2020,ABRP,22,2,22_2,B-C-D (2.6 - 15),5
2020,ABRP,22,2,22_2,E-F-G (15.1 - 30),0
2020,ABRP,22,2,22_2,H-I-J (30.1 - 40+),0
2020,ABRP,22,2,22_2,PBH (0 - 2.5),23
2020,ABRP,22,3,22_3,B-C-D (2.6 - 15),1
2020,ABRP,22,3,22_3,E-F-G (15.1 - 30),0
2020,ABRP,22,3,22_3,H-I-J (30.1 - 40+),0
2020,ABRP,22,3,22_3,PBH (0 - 2.5),5
2020,ABRP,22,4,22_4,B-C-D (2.6 - 15),6
2020,ABRP,22,4,22_4,E-F-G (15.1 - 30),5
2020,ABRP,22,4,22_4,H-I-J (30.1 - 40+),1
2020,ABRP,22,4,22_4,PBH (0 - 2.5),38
2020,ABRP,22,5,22_5,B-C-D (2.6 - 15),1
2020,ABRP,22,5,22_5,E-F-G (15.1 - 30),0
2020,ABRP,22,5,22_5,H-I-J (30.1 - 40+),0
2020,ABRP,22,5,22_5,PBH (0 - 2.5),16
2020,ABRP,32,1,32_1,B-C-D (2.6 - 15),58
2020,ABRP,32,1,32_1,E-F-G (15.1 - 30),11
2020,ABRP,32,1,32_1,H-I-J (30.1 - 40+),0
2020,ABRP,32,1,32_1,PBH (0 - 2.5),0
2020,ABRP,32,2,32_2,B-C-D (2.6 - 15),6
2020,ABRP,32,2,32_2,E-F-G (15.1 - 30),1
2020,ABRP,32,2,32_2,H-I-J (30.1 - 40+),0
2020,ABRP,32,2,32_2,PBH (0 - 2.5),0
2020,ABRP,32,3,32_3,B-C-D (2.6 - 15),9
2020,ABRP,32,3,32_3,E-F-G (15.1 - 30),3
2020,ABRP,32,3,32_3,H-I-J (30.1 - 40+),0
2020,ABRP,32,3,32_3,PBH (0 - 2.5),1
2020,ABRP,32,4,32_4,B-C-D (2.6 - 15),17
2020,ABRP,32,4,32_4,E-F-G (15.1 - 30),9
2020,ABRP,32,4,32_4,H-I-J (30.1 - 40+),0
2020,ABRP,32,4,32_4,PBH (0 - 2.5),2
2020,ABRP,32,5,32_5,B-C-D (2.6 - 15),34
2020,ABRP,32,5,32_5,E-F-G (15.1 - 30),10
2020,ABRP,32,5,32_5,H-I-J (30.1 - 40+),0
2020,ABRP,32,5,32_5,PBH (0 - 2.5),1
2020,ABRP,32,6,32_6,B-C-D (2.6 - 15),39
2020,ABRP,32,6,32_6,E-F-G (15.1 - 30),4
2020,ABRP,32,6,32_6,H-I-J (30.1 - 40+),0
2020,ABRP,32,6,32_6,PBH (0 - 2.5),1
2020,ABRP,32,7,32_7,B-C-D (2.6 - 15),14
2020,ABRP,32,7,32_7,E-F-G (15.1 - 30),0
2020,ABRP,32,7,32_7,H-I-J (30.1 - 40+),0
2020,ABRP,32,7,32_7,PBH (0 - 2.5),21
2020,ABRP,32,8,32_8,B-C-D (2.6 - 15),13
2020,ABRP,32,8,32_8,E-F-G (15.1 - 30),0
2020,ABRP,32,8,32_8,H-I-J (30.1 - 40+),0
2020,ABRP,32,8,32_8,PBH (0 - 2.5),3
2020,ABRP,32,9,32_9,B-C-D (2.6 - 15),106
2020,ABRP,32,9,32_9,E-F-G (15.1 - 30),5
2020,ABRP,32,9,32_9,H-I-J (30.1 - 40+),0
2020,ABRP,32,9,32_9,PBH (0 - 2.5),2
2020,ABRP,32,10,32_10,B-C-D (2.6 - 15),13
2020,ABRP,32,10,32_10,E-F-G (15.1 - 30),0
2020,ABRP,32,10,32_10,H-I-J (30.1 - 40+),0
2020,ABRP,32,10,32_10,PBH (0 - 2.5),9
2020,ABRP,32,11,32_11,B-C-D (2.6 - 15),17
2020,ABRP,32,11,32_11,E-F-G (15.1 - 30),0
2020,ABRP,32,11,32_11,H-I-J (30.1 - 40+),0
2020,ABRP,32,11,32_11,PBH (0 - 2.5),1
2020,ABRP,40,1,40_1,B-C-D (2.6 - 15),0
2020,ABRP,40,1,40_1,E-F-G (15.1 - 30),0
2020,ABRP,40,1,40_1,H-I-J (30.1 - 40+),0
2020,ABRP,40,1,40_1,PBH (0 - 2.5),6
2020,ABRP,40,2,40_2,B-C-D (2.6 - 15),0
2020,ABRP,40,2,40_2,E-F-G (15.1 - 30),0
2020,ABRP,40,2,40_2,H-I-J (30.1 - 40+),0
2020,ABRP,40,2,40_2,PBH (0 - 2.5),0
2020,ABRP,40,3,40_3,B-C-D (2.6 - 15),4
2020,ABRP,40,3,40_3,E-F-G (15.1 - 30),1
2020,ABRP,40,3,40_3,H-I-J (30.1 - 40+),0
2020,ABRP,40,3,40_3,PBH (0 - 2.5),0
2020,ABRP,40,4,40_4,B-C-D (2.6 - 15),30
2020,ABRP,40,4,40_4,E-F-G (15.1 - 30),3
2020,ABRP,40,4,40_4,H-I-J (30.1 - 40+),0
2020,ABRP,40,4,40_4,PBH (0 - 2.5),0
2020,ABRP,40,5,40_5,B-C-D (2.6 - 15),6
2020,ABRP,40,5,40_5,E-F-G (15.1 - 30),1
2020,ABRP,40,5,40_5,H-I-J (30.1 - 40+),0
2020,ABRP,40,5,40_5,PBH (0 - 2.5),0
2020,ABRP,40,6,40_6,B-C-D (2.6 - 15),23
2020,ABRP,40,6,40_6,E-F-G (15.1 - 30),5
2020,ABRP,40,6,40_6,H-I-J (30.1 - 40+),0
2020,ABRP,40,6,40_6,PBH (0 - 2.5),0
2020,ABRP,40,7,40_7,B-C-D (2.6 - 15),50
2020,ABRP,40,7,40_7,E-F-G (15.1 - 30),4
2020,ABRP,40,7,40_7,H-I-J (30.1 - 40+),0
2020,ABRP,40,7,40_7,PBH (0 - 2.5),0
2020,ABRP,40,8,40_8,B-C-D (2.6 - 15),1
2020,ABRP,40,8,40_8,E-F-G (15.1 - 30),3
2020,ABRP,40,8,40_8,H-I-J (30.1 - 40+),0
2020,ABRP,40,8,40_8,PBH (0 - 2.5),2
2020,ABRP,40,9,40_9,B-C-D (2.6 - 15),21
2020,ABRP,40,9,40_9,E-F-G (15.1 - 30),2
2020,ABRP,40,9,40_9,H-I-J (30.1 - 40+),0
2020,ABRP,40,9,40_9,PBH (0 - 2.5),0
